fixed_acidity,volatile_acidity,citric_acid,residual_sugar,chlorides,free_sulfur_dioxide,total_sulfur_dioxide,density,pH,sulphates,alcohol,quality,style
11.2,0.28,0.56,1.9,0.075,17,60,0.998,3.16,0.58,9.8,6,red
7.3,0.65,0,1.2,0.065,15,21,0.9946,3.39,0.47,10,7,red
7.5,0.5,0.36,6.1,0.071,17,102,0.9978,3.35,0.8,10.5,5,red
8.9,0.62,0.19,3.9,0.17,51,148,0.9986,3.17,0.93,9.2,5,red
7.9,0.32,0.51,1.8,0.341,17,56,0.9969,3.04,1.08,9.2,6,red
8.5,0.49,0.11,2.3,0.084,9,67,0.9968,3.17,0.53,9.4,5,red
7.9,0.43,0.21,1.6,0.106,10,37,0.9966,3.17,0.91,9.5,5,red
6.9,0.685,0,2.5,0.105,22,37,0.9966,3.46,0.57,10.6,6,red
7.8,0.645,0,5.5,0.086,5,18,0.9986,3.4,0.55,9.6,6,red
7.3,0.45,0.36,5.9,0.074,12,87,0.9978,3.33,0.83,10.5,5,red
8.1,0.66,0.22,2.2,0.069,9,23,0.9968,3.3,1.2,10.3,5,red
8.7,0.29,0.52,1.6,0.113,12,37,0.9969,3.25,0.58,9.5,5,red
6.6,0.52,0.04,2.2,0.069,8,15,0.9956,3.4,0.63,9.4,6,red
7.7,0.62,0.04,3.8,0.084,25,45,0.9978,3.34,0.53,9.5,5,red
7.3,0.39,0.31,2.4,0.074,9,46,0.9962,3.41,0.54,9.4,6,red
7,0.735,0.05,2,0.081,13,54,0.9966,3.39,0.57,9.8,5,red
6.6,0.705,0.07,1.6,0.076,6,15,0.9962,3.44,0.58,10.7,5,red
6.8,0.61,0.2,1.8,0.077,11,65,0.9971,3.54,0.58,9.3,5,red
7.7,0.705,0.1,2.6,0.084,9,26,0.9976,3.39,0.49,9.7,5,red
6.4,0.37,0.25,1.9,0.074,21,49,0.9974,3.57,0.62,9.8,6,red
7.8,0.59,0.33,2,0.074,24,120,0.9968,3.25,0.54,9.4,5,red
6.9,1.09,0.06,2.1,0.061,12,31,0.9948,3.51,0.43,11.4,4,red
7,0.42,0.35,1.6,0.088,16,39,0.9961,3.34,0.55,9.2,5,red
7.8,0.57,0.31,1.8,0.069,26,120,0.99625,3.29,0.53,9.3,5,red
8,0.725,0.24,2.8,0.083,10,62,0.99685,3.35,0.56,10,6,red
7,0.49,0.49,5.6,0.06,26,121,0.9974,3.34,0.76,10.5,5,red
7.8,0.53,0.33,2.4,0.08,24,144,0.99655,3.3,0.6,9.5,5,red
8.6,0.645,0.25,2,0.083,8,28,0.99815,3.28,0.6,10,6,red
9,0.82,0.14,2.6,0.089,9,23,0.9984,3.39,0.63,9.8,5,red
8,0.38,0.06,1.8,0.078,12,49,0.99625,3.37,0.52,9.9,6,red
7.2,0.63,0,1.9,0.097,14,38,0.99675,3.37,0.58,9,6,red
8.2,1,0.09,2.3,0.065,7,37,0.99685,3.32,0.55,9,6,red
15,0.21,0.44,2.2,0.075,10,24,1.00005,3.07,0.84,9.2,7,red
8.2,0.6,0.17,2.3,0.072,11,73,0.9963,3.2,0.45,9.3,5,red
7.1,0.6,0,1.8,0.074,16,34,0.9972,3.47,0.7,9.9,6,red
8,0.57,0.23,3.2,0.073,17,119,0.99675,3.26,0.57,9.3,5,red
10,0.31,0.47,2.6,0.085,14,33,0.99965,3.36,0.8,10.5,7,red
7.9,0.37,0.23,1.8,0.077,23,49,0.9963,3.28,0.67,9.3,5,red
7.9,0.35,0.46,3.6,0.078,15,37,0.9973,3.35,0.86,12.8,8,red
11.5,0.18,0.51,4,0.104,4,23,0.9996,3.28,0.97,10.1,6,red
7.9,0.545,0.06,4,0.087,27,61,0.9965,3.36,0.67,10.7,6,red
8.9,0.4,0.32,5.6,0.087,10,47,0.9991,3.38,0.77,10.5,7,red
8.9,0.4,0.32,5.6,0.087,10,47,0.9991,3.38,0.77,10.5,7,red
7.5,0.4,0.12,3,0.092,29,53,0.9967,3.37,0.7,10.3,6,red
11,0.2,0.48,2,0.343,6,18,0.9979,3.3,0.71,10.5,5,red
10.8,0.5,0.46,2.5,0.073,5,27,1.0001,3.05,0.64,9.5,5,red
6.9,0.67,0.06,2.1,0.08,8,33,0.99845,3.68,0.71,9.6,5,red
7.4,0.67,0.12,1.6,0.186,5,21,0.996,3.39,0.54,9.5,5,red
10.3,0.41,0.42,2.4,0.213,6,14,0.9994,3.19,0.62,9.5,6,red
7.9,0.53,0.24,2,0.072,15,105,0.996,3.27,0.54,9.4,6,red
7.1,0.35,0.29,2.5,0.096,20,53,0.9962,3.42,0.65,11,6,red
9.6,0.77,0.12,2.9,0.082,30,74,0.99865,3.3,0.64,10.4,6,red
10.3,0.59,0.42,2.8,0.09,35,73,0.999,3.28,0.7,9.5,6,red
10.3,0.44,0.5,4.5,0.107,5,13,0.998,3.28,0.83,11.5,5,red
10.2,0.36,0.64,2.9,0.122,10,41,0.998,3.23,0.66,12.5,6,red
11.9,0.695,0.53,3.4,0.128,7,21,0.9992,3.17,0.84,12.2,7,red
12.5,0.28,0.54,2.3,0.082,12,29,0.9997,3.11,1.36,9.8,7,red
10.9,0.39,0.47,1.8,0.118,6,14,0.9982,3.3,0.75,9.8,6,red
13.8,0.49,0.67,3,0.093,6,15,0.9986,3.02,0.93,12,6,red
9.1,0.795,0,2.6,0.096,11,26,0.9994,3.35,0.83,9.4,6,red
6.7,0.75,0.01,2.4,0.078,17,32,0.9955,3.55,0.61,12.8,6,red
12.6,0.38,0.66,2.6,0.088,10,41,1.001,3.17,0.68,9.8,6,red
12.5,0.46,0.63,2,0.071,6,15,0.9988,2.99,0.87,10.2,5,red
10.4,0.575,0.61,2.6,0.076,11,24,1,3.16,0.69,9,5,red
7.9,0.24,0.4,1.6,0.056,11,25,0.9967,3.32,0.87,8.7,6,red
11.5,0.54,0.71,4.4,0.124,6,15,0.9984,3.01,0.83,11.8,7,red
8.3,0.42,0.38,2.5,0.094,24,60,0.9979,3.31,0.7,10.8,6,red
8.3,0.26,0.42,2,0.08,11,27,0.9974,3.21,0.8,9.4,6,red
8.3,0.66,0.15,1.9,0.079,17,42,0.9972,3.31,0.54,9.6,6,red
13.7,0.415,0.68,2.9,0.085,17,43,1.0014,3.06,0.8,10,6,red
12,0.37,0.76,4.2,0.066,7,38,1.0004,3.22,0.6,13,7,red
8.7,0.765,0.22,2.3,0.064,9,42,0.9963,3.1,0.55,9.4,5,red
11.4,0.6,0.49,2.7,0.085,10,41,0.9994,3.15,0.63,10.5,6,red
12,0.39,0.66,3,0.093,12,30,0.9996,3.18,0.63,10.8,7,red
9.1,0.45,0.35,2.4,0.08,23,78,0.9987,3.38,0.62,9.5,5,red
8.6,0.725,0.24,6.6,0.117,31,134,1.0014,3.32,1.07,9.3,5,red
6.8,0.77,0,1.8,0.066,34,52,0.9976,3.62,0.68,9.9,5,red
10.5,0.24,0.47,2.1,0.066,6,24,0.9978,3.15,0.9,11,7,red
9.5,0.78,0.22,1.9,0.077,6,32,0.9988,3.26,0.56,10.6,6,red
7.8,0.55,0.35,2.2,0.074,21,66,0.9974,3.25,0.56,9.2,5,red
12.3,0.39,0.63,2.3,0.091,6,18,1.0004,3.16,0.49,9.5,5,red
7,0.62,0.18,1.5,0.062,7,50,0.9951,3.08,0.6,9.3,5,red
10,0.44,0.49,2.7,0.077,11,19,0.9963,3.23,0.63,11.6,7,red
9.3,0.48,0.29,2.1,0.127,6,16,0.9968,3.22,0.72,11.2,5,red
8.4,0.37,0.53,1.8,0.413,9,26,0.9979,3.06,1.06,9.1,6,red
11.3,0.62,0.67,5.2,0.086,6,19,0.9988,3.22,0.69,13.4,8,red
11.6,0.58,0.66,2.2,0.074,10,47,1.0008,3.25,0.57,9,3,red
8.1,0.66,0.7,2.2,0.098,25,129,0.9972,3.08,0.53,9,5,red
8.8,0.46,0.45,2.6,0.065,7,18,0.9947,3.32,0.79,14,6,red
9.6,0.54,0.42,2.4,0.081,25,52,0.997,3.2,0.71,11.4,6,red
9.6,0.68,0.24,2.2,0.087,5,28,0.9988,3.14,0.6,10.2,5,red
9.4,0.685,0.11,2.7,0.077,6,31,0.9984,3.19,0.7,10.1,6,red
10.6,0.36,0.6,2.2,0.152,7,18,0.9986,3.04,1.06,9.4,5,red
10.2,0.645,0.36,1.8,0.053,5,14,0.9982,3.17,0.42,10,6,red
9.2,0.41,0.5,2.5,0.055,12,25,0.9952,3.34,0.79,13.3,7,red
10.7,0.35,0.53,2.6,0.07,5,16,0.9972,3.15,0.65,11,8,red
8.7,0.69,0.31,3,0.086,23,81,1.0002,3.48,0.74,11.6,6,red
10.5,0.26,0.47,1.9,0.078,6,24,0.9976,3.18,1.04,10.9,7,red
11.2,0.67,0.55,2.3,0.084,6,13,1,3.17,0.71,9.5,6,red
10,0.59,0.31,2.2,0.09,26,62,0.9994,3.18,0.63,10.2,6,red
8.5,0.655,0.49,6.1,0.122,34,151,1.001,3.31,1.14,9.3,5,red
7.3,0.365,0.49,2.5,0.088,39,106,0.9966,3.36,0.78,11,5,red
9.3,0.4,0.49,2.5,0.085,38,142,0.9978,3.22,0.55,9.4,5,red
7,0.38,0.49,2.5,0.097,33,85,0.9962,3.39,0.77,11.4,6,red
11.9,0.38,0.49,2.7,0.098,12,42,1.0004,3.16,0.61,10.3,5,red
9.1,0.22,0.24,2.1,0.078,1,28,0.999,3.41,0.87,10.3,6,red
11.2,0.5,0.74,5.15,0.1,5,17,0.9996,3.22,0.62,11.2,5,red
11.2,0.66,0.24,2.5,0.085,16,53,0.9993,3.06,0.72,11,6,red
10.6,0.31,0.49,2.5,0.067,6,21,0.9987,3.26,0.86,10.7,6,red
9.4,0.43,0.24,2.8,0.092,14,45,0.998,3.19,0.73,10,6,red
15.5,0.645,0.49,4.2,0.095,10,23,1.00315,2.92,0.74,11.1,5,red
13,0.47,0.49,4.3,0.085,6,47,1.0021,3.3,0.68,12.7,6,red
7.6,0.29,0.49,2.7,0.092,25,60,0.9971,3.31,0.61,10.1,6,red
8.7,0.7,0.24,2.5,0.226,5,15,0.9991,3.32,0.6,9,6,red
6.2,0.36,0.24,2.2,0.095,19,42,0.9946,3.57,0.57,11.7,6,red
12.3,0.27,0.49,3.1,0.079,28,46,0.9993,3.2,0.8,10.2,6,red
10.6,0.31,0.49,2.2,0.063,18,40,0.9976,3.14,0.51,9.8,6,red
12,0.28,0.49,1.9,0.074,10,21,0.9976,2.98,0.66,9.9,7,red
7.3,0.73,0.24,1.9,0.108,18,102,0.9967,3.26,0.59,9.3,5,red
6.6,0.39,0.49,1.7,0.07,23,149,0.9922,3.12,0.5,11.5,6,red
8.9,0.595,0.41,7.9,0.086,30,109,0.9998,3.27,0.57,9.3,5,red
12.7,0.59,0.45,2.3,0.082,11,22,1,3,0.7,9.3,6,red
13.2,0.46,0.52,2.2,0.071,12,35,1.0006,3.1,0.56,9,6,red
8.8,0.48,0.41,3.3,0.092,26,52,0.9982,3.31,0.53,10.5,6,red
13.2,0.38,0.55,2.7,0.081,5,16,1.0006,2.98,0.54,9.4,5,red
9.6,0.6,0.5,2.3,0.079,28,71,0.9997,3.5,0.57,9.7,5,red
11.3,0.37,0.41,2.3,0.088,6,16,0.9988,3.09,0.8,9.3,5,red
7.9,0.51,0.25,2.9,0.077,21,45,0.9974,3.49,0.96,12.1,6,red
8.8,0.6,0.29,2.2,0.098,5,15,0.9988,3.36,0.49,9.1,5,red
10.4,0.28,0.54,2.7,0.105,5,19,0.9988,3.25,0.63,9.5,5,red
8.7,0.84,0,1.4,0.065,24,33,0.9954,3.27,0.55,9.7,5,red
8.9,0.29,0.35,1.9,0.067,25,57,0.997,3.18,1.36,10.3,6,red
9.5,0.59,0.44,2.3,0.071,21,68,0.9992,3.46,0.63,9.5,5,red
8.3,0.845,0.01,2.2,0.07,5,14,0.9967,3.32,0.58,11,4,red
9.8,0.88,0.25,2.5,0.104,35,155,1.001,3.41,0.67,11.2,5,red
9.7,0.55,0.17,2.9,0.087,20,53,1.0004,3.14,0.61,9.4,5,red
7.1,0.84,0.02,4.4,0.096,5,13,0.997,3.41,0.57,11,4,red
10.1,0.28,0.46,1.8,0.05,5,13,0.9974,3.04,0.79,10.2,6,red
11.3,0.34,0.45,2,0.082,6,15,0.9988,2.94,0.66,9.2,6,red
8.2,0.73,0.21,1.7,0.074,5,13,0.9968,3.2,0.52,9.5,5,red
9.3,0.41,0.39,2.2,0.064,12,31,0.9984,3.26,0.65,10.2,5,red
10.8,0.26,0.45,3.3,0.06,20,49,0.9972,3.13,0.54,9.6,5,red
8.1,0.78,0.23,2.6,0.059,5,15,0.997,3.37,0.56,11.3,5,red
9.1,0.64,0.23,3.1,0.095,13,38,0.9998,3.28,0.59,9.7,5,red
9.2,0.92,0.24,2.6,0.087,12,93,0.9998,3.48,0.54,9.8,5,red
5.1,0.47,0.02,1.3,0.034,18,44,0.9921,3.9,0.62,12.8,6,red
11.8,0.38,0.55,2.1,0.071,5,19,0.9986,3.11,0.62,10.8,6,red
7.5,0.38,0.48,2.6,0.073,22,84,0.9972,3.32,0.7,9.6,4,red
7.4,0.49,0.19,3,0.077,16,37,0.9966,3.37,0.51,10.5,5,red
8.9,0.565,0.34,3,0.093,16,112,0.9998,3.38,0.61,9.5,5,red
7.2,0.49,0.18,2.7,0.069,13,34,0.9967,3.29,0.48,9.2,6,red
7.1,0.66,0,3.9,0.086,17,45,0.9976,3.46,0.54,9.5,5,red
7.1,0.31,0.3,2.2,0.053,36,127,0.9965,2.94,1.62,9.5,5,red
6.4,0.57,0.02,1.8,0.067,4,11,0.997,3.46,0.68,9.5,5,red
8.9,0.875,0.13,3.45,0.088,4,14,0.9994,3.44,0.52,11.5,5,red
7.7,0.965,0.1,2.1,0.112,11,22,0.9963,3.26,0.5,9.5,5,red
9,0.69,0,2.4,0.088,19,38,0.999,3.35,0.6,9.3,5,red
11.6,0.41,0.58,2.8,0.096,25,101,1.00024,3.13,0.53,10,5,red
8.6,0.33,0.4,2.6,0.083,16,68,0.99782,3.3,0.48,9.4,5,red
8.3,0.65,0.1,2.9,0.089,17,40,0.99803,3.29,0.55,9.5,5,red
7.8,0.91,0.07,1.9,0.058,22,47,0.99525,3.51,0.43,10.7,6,red
8.8,0.42,0.21,2.5,0.092,33,88,0.99823,3.19,0.52,9.2,5,red
9.3,0.655,0.26,2,0.096,5,35,0.99738,3.25,0.42,9.6,5,red
7.5,0.6,0.32,2.7,0.103,13,98,0.99938,3.45,0.62,9.5,5,red
9.4,0.685,0.26,2.4,0.082,23,143,0.9978,3.28,0.55,9.4,5,red
7.2,1,0,3,0.102,7,16,0.99586,3.43,0.46,10,5,red
7.1,0.52,0.03,2.6,0.076,21,92,0.99745,3.5,0.6,9.8,5,red
6.5,0.46,0.14,2.4,0.114,9,37,0.99732,3.66,0.65,9.8,5,red
10,0.56,0.24,2.2,0.079,19,58,0.9991,3.18,0.56,10.1,6,red
8.8,0.64,0.17,2.9,0.084,25,130,0.99818,3.23,0.54,9.6,5,red
10.8,0.89,0.3,2.6,0.132,7,60,0.99786,2.99,1.18,10.2,5,red
9.4,0.5,0.34,3.6,0.082,5,14,0.9987,3.29,0.52,10.7,6,red
7.7,0.56,0.08,2.5,0.114,14,46,0.9971,3.24,0.66,9.6,6,red
8.2,0.28,0.4,2.4,0.052,4,10,0.99356,3.33,0.7,12.8,7,red
12.9,0.5,0.55,2.8,0.072,7,24,1.00012,3.09,0.68,10.9,6,red
10.8,0.45,0.33,2.5,0.099,20,38,0.99818,3.24,0.71,10.8,5,red
9.1,0.66,0.15,3.2,0.097,9,59,0.99976,3.28,0.54,9.6,5,red
6.7,0.54,0.13,2,0.076,15,36,0.9973,3.61,0.64,9.8,5,red
7.1,0.46,0.14,2.8,0.076,15,37,0.99624,3.36,0.49,10.7,5,red
5.9,0.61,0.08,2.1,0.071,16,24,0.99376,3.56,0.77,11.1,6,red
7.6,0.665,0.1,1.5,0.066,27,55,0.99655,3.39,0.51,9.3,5,red
6,0.5,0.04,2.2,0.092,13,26,0.99647,3.46,0.47,10,5,red
7.1,0.685,0.35,2,0.088,9,92,0.9963,3.28,0.62,9.4,5,red
7.4,0.68,0.16,1.8,0.078,12,39,0.9977,3.5,0.7,9.9,6,red
9.3,0.43,0.44,1.9,0.085,9,22,0.99708,3.28,0.55,9.5,5,red
7.6,0.735,0.02,2.5,0.071,10,14,0.99538,3.51,0.71,11.7,7,red
6.8,0.56,0.22,1.8,0.074,15,24,0.99438,3.4,0.82,11.2,6,red
7.2,0.62,0.06,2.5,0.078,17,84,0.99746,3.51,0.53,9.7,5,red
6.9,0.51,0.23,2,0.072,13,22,0.99438,3.4,0.84,11.2,6,red
6.9,0.56,0.03,1.5,0.086,36,46,0.99522,3.53,0.57,10.6,5,red
8.8,0.31,0.4,2.8,0.109,7,16,0.99614,3.31,0.79,11.8,7,red
7.2,0.6,0.04,2.5,0.076,18,88,0.99745,3.53,0.55,9.5,5,red
7.2,0.6,0.04,2.5,0.076,18,88,0.99745,3.53,0.55,9.5,5,red
7.2,0.41,0.3,2.1,0.083,35,72,0.997,3.44,0.52,9.4,5,red
12.2,0.45,0.49,1.4,0.075,3,6,0.9969,3.13,0.63,10.4,5,red
9.1,0.5,0.3,1.9,0.065,8,17,0.99774,3.32,0.71,10.5,6,red
7.1,0.36,0.3,1.6,0.08,35,70,0.99693,3.44,0.5,9.4,5,red
7.1,0.34,0.28,2,0.082,31,68,0.99694,3.45,0.48,9.4,5,red
7.7,0.6,0.06,2,0.079,19,41,0.99697,3.39,0.62,10.1,6,red
6.4,0.69,0,1.65,0.055,7,12,0.99162,3.47,0.53,12.9,6,red
6.8,0.36,0.32,1.8,0.067,4,8,0.9928,3.36,0.55,12.8,7,red
9.1,0.3,0.34,2,0.064,12,25,0.99516,3.26,0.84,11.7,7,red
8.9,0.32,0.31,2,0.088,12,19,0.9957,3.17,0.55,10.4,6,red
10.5,0.39,0.46,2.2,0.075,14,27,0.99598,3.06,0.84,11.4,6,red
7,0.5,0.14,1.8,0.078,10,23,0.99636,3.53,0.61,10.4,5,red
8.2,0.32,0.42,2.3,0.098,3,9,0.99506,3.27,0.55,12.3,6,red
6.4,0.795,0,2.2,0.065,28,52,0.99378,3.49,0.52,11.6,5,red
7.3,0.55,0.01,1.8,0.093,9,15,0.99514,3.35,0.58,11,7,red
10.1,0.37,0.34,2.4,0.085,5,17,0.99683,3.17,0.65,10.6,7,red
8.9,0.5,0.21,2.2,0.088,21,39,0.99692,3.33,0.83,11.1,6,red
9.5,0.39,0.41,8.9,0.069,18,39,0.99859,3.29,0.81,10.9,7,red
7.1,0.43,0.17,1.8,0.082,27,51,0.99634,3.49,0.64,10.4,5,red
8.5,0.46,0.59,1.4,0.414,16,45,0.99702,3.03,1.34,9.2,5,red
8.2,0.64,0.27,2,0.095,5,77,0.99747,3.13,0.62,9.1,6,red
8.9,0.48,0.53,4,0.101,3,10,0.99586,3.21,0.59,12.1,7,red
10.2,0.29,0.65,2.4,0.075,6,17,0.99565,3.22,0.63,11.8,6,red
11.1,0.31,0.53,2.2,0.06,3,10,0.99572,3.02,0.83,10.9,7,red
7.5,0.77,0.2,8.1,0.098,30,92,0.99892,3.2,0.58,9.2,5,red
9.1,0.25,0.34,2,0.071,45,67,0.99769,3.44,0.86,10.2,7,red
7.9,0.3,0.68,8.3,0.05,37.5,278,0.99316,3.01,0.51,12.3,7,red
8.7,0.42,0.45,2.4,0.072,32,59,0.99617,3.33,0.77,12,6,red
7.9,0.19,0.42,1.6,0.057,18,30,0.994,3.29,0.69,11.2,6,red
7.9,0.34,0.42,2,0.086,8,19,0.99546,3.35,0.6,11.4,6,red
9.4,0.4,0.47,2.5,0.087,6,20,0.99772,3.15,0.5,10.5,5,red
8.6,0.52,0.38,1.5,0.096,5,18,0.99666,3.2,0.52,9.4,5,red
7.4,0.49,0.27,2.1,0.071,14,25,0.99388,3.35,0.63,12,6,red
9.1,0.3,0.41,2,0.068,10,24,0.99523,3.27,0.85,11.7,7,red
5.4,0.42,0.27,2,0.092,23,55,0.99471,3.78,0.64,12.3,7,red
7,0.69,0.07,2.5,0.091,15,21,0.99572,3.38,0.6,11.3,6,red
5.6,0.66,0,2.5,0.066,7,15,0.99256,3.52,0.58,12.9,5,red
10.7,0.4,0.37,1.9,0.081,17,29,0.99674,3.12,0.65,11.2,6,red
6.3,0.76,0,2.9,0.072,26,52,0.99379,3.51,0.6,11.5,6,red
5.9,0.19,0.21,1.7,0.045,57,135,0.99341,3.32,0.44,9.5,5,red
8,0.25,0.43,1.7,0.067,22,50,0.9946,3.38,0.6,11.9,6,red
8.2,0.51,0.24,2,0.079,16,86,0.99764,3.34,0.64,9.5,6,red
7,0.22,0.3,1.8,0.065,16,20,0.99672,3.61,0.82,10,6,red
10,0.41,0.45,6.2,0.071,6,14,0.99702,3.21,0.49,11.8,7,red
6.1,0.58,0.23,2.5,0.044,16,70,0.99352,3.46,0.65,12.5,6,red
8.3,0.6,0.25,2.2,0.118,9,38,0.99616,3.15,0.53,9.8,5,red
10.2,0.41,0.43,2.2,0.11,11,37,0.99728,3.16,0.67,10.8,5,red
9,0.785,0.24,1.7,0.078,10,21,0.99692,3.29,0.67,10,5,red
8.2,0.33,0.39,2.5,0.074,29,48,0.99528,3.32,0.88,12.4,7,red
7.1,0.59,0,2.2,0.078,26,44,0.99522,3.42,0.68,10.8,6,red
6.5,0.61,0,2.2,0.095,48,59,0.99541,3.61,0.7,11.5,6,red
8.2,0.35,0.33,2.4,0.076,11,47,0.99599,3.27,0.81,11,6,red
6.8,0.66,0.07,1.6,0.07,16,61,0.99572,3.29,0.6,9.3,5,red
7,0.43,0.3,2,0.085,6,39,0.99346,3.33,0.46,11.9,6,red
6.5,0.885,0,2.3,0.166,6,12,0.99551,3.56,0.51,10.8,5,red
6.2,0.43,0.22,1.8,0.078,21,56,0.99633,3.52,0.6,9.5,6,red
7.9,0.58,0.23,2.3,0.076,23,94,0.99686,3.21,0.58,9.5,6,red
9.9,0.74,0.19,5.8,0.111,33,76,0.99878,3.14,0.55,9.4,5,red
9.9,0.72,0.55,1.7,0.136,24,52,0.99752,3.35,0.94,10,5,red
6.6,0.44,0.15,2.1,0.076,22,53,0.9957,3.32,0.62,9.3,5,red
8.8,0.27,0.46,2.1,0.095,20,29,0.99488,3.26,0.56,11.3,6,red
9,0.39,0.4,1.3,0.044,25,50,0.99478,3.2,0.83,10.9,6,red
10.5,0.36,0.47,2.2,0.074,9,23,0.99638,3.23,0.76,12,6,red
9,0.58,0.25,2,0.104,8,21,0.99769,3.27,0.72,9.6,5,red
7.8,0.815,0.01,2.6,0.074,48,90,0.99621,3.38,0.62,10.8,5,red
6,0.33,0.32,12.9,0.054,6,113,0.99572,3.3,0.56,11.5,4,red
6.5,0.67,0,4.3,0.057,11,20,0.99488,3.45,0.56,11.8,4,red
8.3,0.56,0.22,2.4,0.082,10,86,0.9983,3.37,0.62,9.5,5,red
7.4,0.55,0.19,1.8,0.082,15,34,0.99655,3.49,0.68,10.5,5,red
7.5,0.58,0.14,2.2,0.077,27,60,0.9963,3.28,0.59,9.8,5,red
6.1,0.64,0.02,2.4,0.069,26,46,0.99358,3.47,0.45,11,5,red
6.8,0.64,0,2.7,0.123,15,33,0.99538,3.44,0.63,11.3,6,red
8.2,0.78,0,2.2,0.089,13,26,0.9978,3.37,0.46,9.6,4,red
10.4,0.43,0.5,2.3,0.068,13,19,0.996,3.1,0.87,11.4,6,red
7.3,0.44,0.2,1.6,0.049,24,64,0.9935,3.38,0.57,11.7,6,red
8,0.715,0.22,2.3,0.075,13,81,0.99688,3.24,0.54,9.5,6,red
9.8,0.3,0.39,1.7,0.062,3,9,0.9948,3.14,0.57,11.5,7,red
8.7,0.63,0.28,2.7,0.096,17,69,0.99734,3.26,0.63,10.2,6,red
8,0.6,0.08,2.6,0.056,3,7,0.99286,3.22,0.37,13,5,red
8.2,0.635,0.1,2.1,0.073,25,60,0.99638,3.29,0.75,10.9,6,red
6.6,0.63,0,4.3,0.093,51,77.5,0.99558,3.2,0.45,9.5,5,red
7.6,1.58,0,2.1,0.137,5,9,0.99476,3.5,0.4,10.9,3,red
8,0.28,0.44,1.8,0.081,28,68,0.99501,3.36,0.66,11.2,5,red
6.8,0.68,0.09,3.9,0.068,15,29,0.99524,3.41,0.52,11.1,4,red
6.5,0.51,0.15,3,0.064,12,27,0.9929,3.33,0.59,12.8,6,red
7.5,0.63,0.27,2,0.083,17,91,0.99616,3.26,0.58,9.8,6,red
9.1,0.76,0.68,1.7,0.414,18,64,0.99652,2.9,1.33,9.1,6,red
9.1,0.36,0.39,1.8,0.06,21,55,0.99495,3.18,0.82,11,7,red
6.7,0.46,0.24,1.7,0.077,18,34,0.9948,3.39,0.6,10.6,6,red
7.8,0.87,0.26,3.8,0.107,31,67,0.99668,3.26,0.46,9.2,5,red
6.6,0.58,0.02,2.4,0.069,19,40,0.99387,3.38,0.66,12.6,6,red
7.5,0.51,0.02,1.7,0.084,13,31,0.99538,3.36,0.54,10.5,6,red
7.5,0.51,0.02,1.7,0.084,13,31,0.99538,3.36,0.54,10.5,6,red
7.2,0.655,0.03,1.8,0.078,7,12,0.99587,3.34,0.39,9.5,5,red
7.2,0.62,0.01,2.3,0.065,8,46,0.99332,3.32,0.51,11.8,6,red
6.1,0.32,0.25,1.8,0.086,5,32,0.99464,3.36,0.44,10.1,5,red
11.6,0.475,0.4,1.4,0.091,6,28,0.99704,3.07,0.65,10.03333333,6,red
8,0.83,0.27,2,0.08,11,63,0.99652,3.29,0.48,9.8,4,red
6.9,0.54,0.3,2.2,0.088,9,105,0.99725,3.25,1.18,10.5,6,red
7.5,0.58,0.56,3.1,0.153,5,14,0.99476,3.21,1.03,11.6,6,red
7.2,0.56,0.26,2,0.083,13,100,0.99586,3.26,0.52,9.9,5,red
7.5,0.57,0.02,2.6,0.077,11,35,0.99557,3.36,0.62,10.8,6,red
8,0.6,0.22,2.1,0.08,25,105,0.99613,3.3,0.49,9.9,5,red
7.4,0.64,0.07,1.8,0.1,8,23,0.9961,3.3,0.58,9.6,5,red
8,0.64,0.22,2.4,0.094,5,33,0.99612,3.37,0.58,11,5,red
8.6,0.685,0.1,1.6,0.092,3,12,0.99745,3.31,0.65,9.55,6,red
7.2,0.67,0,2.2,0.068,10,24,0.9956,3.42,0.72,11.1,6,red
7.2,0.33,0.33,1.7,0.061,3,13,0.996,3.23,1.1,10,8,red
6,0.51,0,2.1,0.064,40,54,0.995,3.54,0.93,10.7,6,red
6.4,0.47,0.4,2.4,0.071,8,19,0.9963,3.56,0.73,10.6,6,red
6.2,0.58,0,1.6,0.065,8,18,0.9966,3.56,0.84,9.4,5,red
7.7,0.64,0.21,2.2,0.077,32,133,0.9956,3.27,0.45,9.9,5,red
6.4,0.53,0.09,3.9,0.123,14,31,0.9968,3.5,0.67,11,4,red
7.6,0.41,0.33,2.5,0.078,6,23,0.9957,3.3,0.58,11.2,5,red
7.6,0.43,0.31,2.1,0.069,13,74,0.9958,3.26,0.54,9.9,6,red
10.2,0.54,0.37,15.4,0.214,55,95,1.00369,3.18,0.77,9,6,red
7.3,0.67,0.02,2.2,0.072,31,92,0.99566,3.32,0.68,11.06666667,6,red
6.9,0.58,0.2,1.75,0.058,8,22,0.99322,3.38,0.49,11.7,5,red
6.8,0.67,0,1.9,0.08,22,39,0.99701,3.4,0.74,9.7,5,red
7.8,0.32,0.44,2.7,0.104,8,17,0.99732,3.33,0.78,11,7,red
6.5,0.9,0,1.6,0.052,9,17,0.99467,3.5,0.63,10.9,6,red
7.9,0.2,0.35,1.7,0.054,7,15,0.99458,3.32,0.8,11.9,7,red
6.9,0.63,0.01,2.4,0.076,14,39,0.99522,3.34,0.53,10.8,6,red
6.7,1.04,0.08,2.3,0.067,19,32,0.99648,3.52,0.57,11,4,red
6.7,0.7,0.08,3.75,0.067,8,16,0.99334,3.43,0.52,12.6,5,red
5.3,0.47,0.11,2.2,0.048,16,89,0.99182,3.54,0.88,13.56666667,7,red
8.2,0.28,0.6,3,0.104,10,22,0.99828,3.39,0.68,10.6,5,red
8.1,0.33,0.44,1.5,0.042,6,12,0.99542,3.35,0.61,10.7,5,red
6,0.64,0.05,1.9,0.066,9,17,0.99496,3.52,0.78,10.6,5,red
5.6,0.54,0.04,1.7,0.049,5,13,0.9942,3.72,0.58,11.4,5,red
7,0.43,0.02,1.9,0.08,15,28,0.99492,3.35,0.81,10.6,6,red
6.9,0.74,0.03,2.3,0.054,7,16,0.99508,3.45,0.63,11.5,6,red
6.2,0.44,0.39,2.5,0.077,6,14,0.99555,3.51,0.69,11,6,red
7.5,0.38,0.57,2.3,0.106,5,12,0.99605,3.36,0.55,11.4,6,red
7.1,0.69,0.04,2.1,0.068,19,27,0.99712,3.44,0.67,9.8,5,red
6.9,0.84,0.21,4.1,0.074,16,65,0.99842,3.53,0.72,9.25,6,red
6.6,0.7,0.08,2.6,0.106,14,27,0.99665,3.44,0.58,10.2,5,red
6.8,0.48,0.25,2,0.076,29,61,0.9953,3.34,0.6,10.4,5,red
7.1,0.53,0.07,1.7,0.071,15,24,0.9951,3.29,0.66,10.8,6,red
6.1,0.705,0.1,2.8,0.081,13,28,0.99631,3.6,0.66,10.2,5,red
7,0.55,0.13,2.2,0.075,15,35,0.9959,3.36,0.59,9.7,6,red
7.2,0.39,0.32,1.8,0.065,34,60,0.99714,3.46,0.78,9.9,5,red
11.1,0.44,0.42,2.2,0.064,14,19,0.99758,3.25,0.57,10.4,6,red
6.3,0.6,0.1,1.6,0.048,12,26,0.99306,3.55,0.51,12.1,5,red
7.1,0.67,0,2.3,0.083,18,27,0.99768,3.44,0.54,9.4,5,red
7,0.56,0.17,1.7,0.065,15,24,0.99514,3.44,0.68,10.55,7,red
7.8,0.6,0.26,2,0.08,31,131,0.99622,3.21,0.52,9.9,5,red
7.2,0.695,0.13,2,0.076,12,20,0.99546,3.29,0.54,10.1,5,red
7.2,0.695,0.13,2,0.076,12,20,0.99546,3.29,0.54,10.1,5,red
6.4,0.38,0.14,2.2,0.038,15,25,0.99514,3.44,0.65,11.1,6,red
7.5,0.52,0.4,2.2,0.06,12,20,0.99474,3.26,0.64,11.8,6,red
6.2,0.56,0.09,1.7,0.053,24,32,0.99402,3.54,0.6,11.3,5,red
6.2,0.46,0.29,2.1,0.074,32,98,0.99578,3.33,0.62,9.8,5,red
5.8,0.61,0.11,1.8,0.066,18,28,0.99483,3.55,0.66,10.9,6,red
5.4,0.74,0.09,1.7,0.089,16,26,0.99402,3.67,0.56,11.6,6,red
5.9,0.55,0.1,2.2,0.062,39,51,0.99512,3.52,0.76,11.2,6,red
7,0.27,0.36,20.7,0.045,45,170,1.001,3,0.45,8.8,6,white
7.2,0.23,0.32,8.5,0.058,47,186,0.9956,3.19,0.4,9.9,6,white
6.3,0.3,0.34,1.6,0.049,14,132,0.994,3.3,0.49,9.5,6,white
7.9,0.18,0.37,1.2,0.04,16,75,0.992,3.18,0.63,10.8,5,white
6.3,0.48,0.04,1.1,0.046,30,99,0.9928,3.24,0.36,9.6,6,white
6.2,0.66,0.48,1.2,0.029,29,75,0.9892,3.33,0.39,12.8,8,white
6.6,0.27,0.41,1.3,0.052,16,142,0.9951,3.42,0.47,10,6,white
7.4,0.27,0.48,1.1,0.047,17,132,0.9914,3.19,0.49,11.6,6,white
7.4,0.25,0.36,2.05,0.05,31,100,0.992,3.19,0.44,10.8,6,white
6.5,0.39,0.23,5.4,0.051,25,149,0.9934,3.24,0.35,10,5,white
6.7,0.23,0.39,2.5,0.172,63,158,0.9937,3.11,0.36,9.4,6,white
6.7,0.23,0.26,1.4,0.06,33,154,0.9934,3.24,0.56,9.5,6,white
7,0.31,0.26,7.4,0.069,28,160,0.9954,3.13,0.46,9.8,6,white
6.2,0.16,0.33,1.1,0.057,21,82,0.991,3.32,0.46,10.9,7,white
7.2,0.21,0.34,11.9,0.043,37,213,0.9962,3.09,0.5,9.6,6,white
6.8,0.22,0.24,4.9,0.092,30,123,0.9951,3.03,0.46,8.6,6,white
7.2,0.24,0.27,1.4,0.038,31,122,0.9927,3.15,0.46,10.3,6,white
6.7,0.23,0.31,2.1,0.046,30,96,0.9926,3.33,0.64,10.7,8,white
6,0.27,0.28,4.8,0.063,31,201,0.9964,3.69,0.71,10,5,white
7.1,0.18,0.36,1.4,0.043,31,87,0.9898,3.26,0.37,12.7,7,white
6.8,0.22,0.31,1.4,0.053,34,114,0.9929,3.39,0.77,10.6,6,white
7.1,0.43,0.61,11.8,0.045,54,155,0.9974,3.11,0.45,8.7,5,white
7.1,0.43,0.61,11.8,0.045,54,155,0.9974,3.11,0.45,8.7,5,white
6.9,0.24,0.33,1.7,0.035,47,136,0.99,3.26,0.4,12.6,7,white
6,0.34,0.66,15.9,0.046,26,164,0.9979,3.14,0.5,8.8,6,white
7.4,0.25,0.37,13.5,0.06,52,192,0.9975,3,0.44,9.1,5,white
7.4,0.25,0.37,13.5,0.06,52,192,0.9975,3,0.44,9.1,5,white
7.1,0.23,0.35,16.5,0.04,60,171,0.999,3.16,0.59,9.1,6,white
7.2,0.31,0.5,13.3,0.056,68,195,0.9982,3.01,0.47,9.2,5,white
6,0.31,0.24,3.3,0.041,25,143,0.9914,3.31,0.44,11.3,6,white
5.9,0.36,0.04,5.7,0.046,21,87,0.9934,3.22,0.51,10.2,5,white
6.4,0.13,0.47,1.6,0.092,40,158,0.9928,3.21,0.36,9.8,6,white
6.1,0.3,0.56,2.8,0.044,47,179,0.9924,3.3,0.57,10.9,7,white
6.5,0.425,0.4,13.1,0.038,59,241,0.9979,3.23,0.57,9,5,white
8.2,0.23,0.4,1.2,0.027,36,121,0.992,3.12,0.38,10.7,6,white
6.3,0.31,0.34,2.2,0.045,20,77,0.9927,3.3,0.43,10.2,5,white
8.1,0.2,0.4,2,0.037,19,87,0.9921,3.12,0.54,11.2,6,white
6.3,0.34,0.33,4.6,0.034,19,80,0.9917,3.38,0.58,12,7,white
6.9,0.25,0.3,4.1,0.054,23,116,0.994,2.99,0.38,9.4,6,white
7.4,0.24,0.42,14,0.066,48,198,0.9979,2.89,0.42,8.9,6,white
6.1,0.32,0.24,1.5,0.036,38,124,0.9898,3.29,0.42,12.4,7,white
6.7,0.24,0.35,13.1,0.05,64,205,0.997,3.15,0.5,9.5,5,white
7.5,0.29,0.31,8.95,0.055,20,151,0.9968,3.08,0.54,9.3,5,white
7.6,0.48,0.37,0.8,0.037,4,100,0.9902,3.03,0.39,11.4,4,white
7.2,0.32,0.47,5.1,0.044,19,65,0.991,3.03,0.41,12.6,4,white
6.4,0.33,0.31,5.5,0.048,42,173,0.9951,3.19,0.66,9.3,6,white
6.8,0.26,0.56,11.9,0.043,64,226,0.997,3.02,0.63,9.3,5,white
6.8,0.53,0.35,3.8,0.034,26,109,0.9906,3.26,0.57,12.7,8,white
6.8,0.28,0.36,8,0.045,28,123,0.9928,3.02,0.37,11.4,6,white
6.4,0.29,0.44,3.6,0.197,75,183,0.9942,3.01,0.38,9.1,5,white
6.8,0.27,0.26,16.1,0.049,55,196,0.9984,3.15,0.5,9.3,5,white
5.8,0.28,0.35,2.3,0.053,36,114,0.9924,3.28,0.5,10.2,4,white
6.8,0.57,0.29,2.2,0.04,15,77,0.9938,3.32,0.74,10.2,5,white
7,0.16,0.32,8.3,0.045,38,126,0.9958,3.21,0.34,9.2,5,white
7.5,0.27,0.36,7,0.036,45,164,0.9939,3.03,0.33,11,5,white
7.5,0.27,0.36,7,0.036,45,164,0.9939,3.03,0.33,11,5,white
6.3,0.495,0.22,1.8,0.046,31,140,0.9929,3.39,0.54,10.4,6,white
6.4,0.17,0.32,2.4,0.048,41,200,0.9938,3.5,0.5,9.7,6,white
8.2,0.27,0.39,7.8,0.039,49,208,0.9976,3.31,0.51,9.5,6,white
7.2,0.23,0.38,14.3,0.058,55,194,0.9979,3.09,0.44,9,6,white
7.3,0.32,0.23,13.7,0.05,49,197,0.9985,3.2,0.46,8.7,5,white
6.9,0.4,0.56,11.2,0.043,40,142,0.9975,3.14,0.46,8.7,5,white
5.6,0.19,0.26,1.4,0.03,12,76,0.9905,3.25,0.37,10.9,7,white
6.9,0.4,0.56,11.2,0.043,40,142,0.9975,3.14,0.46,8.7,5,white
6.3,0.35,0.3,5.7,0.035,8,97,0.9927,3.27,0.41,11,7,white
6.9,0.115,0.35,5.4,0.048,36,108,0.9939,3.32,0.42,10.2,6,white
6.2,0.24,0.35,1.2,0.038,22,167,0.9912,3.1,0.48,10.6,6,white
5.3,0.585,0.07,7.1,0.044,34,145,0.9945,3.34,0.57,9.7,6,white
5.8,0.25,0.26,13.1,0.051,44,148,0.9972,3.29,0.38,9.3,5,white
6.7,0.2,0.41,9.1,0.044,50,166,0.9954,3.14,0.58,9.8,6,white
7,0.24,0.36,2.8,0.034,22,112,0.99,3.19,0.38,12.6,8,white
7.1,0.35,0.24,15.4,0.055,46,198,0.9988,3.12,0.49,8.8,5,white
7.2,0.23,0.39,14.2,0.058,49,192,0.9979,2.98,0.48,9,7,white
7.4,0.28,0.42,19.8,0.066,53,195,1,2.96,0.44,9.1,5,white
8.3,0.39,0.7,10.6,0.045,33,169,0.9976,3.09,0.57,9.4,5,white
6.1,0.41,0,1.6,0.063,36,87,0.9914,3.27,0.67,10.8,6,white
7.3,0.41,0.24,6.8,0.057,41,163,0.9949,3.2,0.41,9.9,6,white
6.2,0.33,0.27,4.9,0.036,30,134,0.9927,3.2,0.42,10.4,7,white
7.8,0.25,0.41,3.7,0.042,37,149,0.9954,3.36,0.45,10,6,white
6.8,0.25,0.34,4.7,0.031,34,134,0.9927,3.21,0.38,10.6,6,white
6,0.1,0.24,1.1,0.041,15,65,0.9927,3.61,0.61,10.3,7,white
8.3,0.41,0.51,2,0.046,11,207,0.993,3.02,0.55,11.4,5,white
6.5,0.28,0.35,15.4,0.042,55,195,0.9978,3.23,0.5,9.6,6,white
6.3,0.23,0.3,1.8,0.033,16,91,0.9906,3.28,0.4,11.8,6,white
6.3,0.23,0.33,1.5,0.036,15,105,0.991,3.32,0.42,11.2,6,white
7.4,0.2,0.43,7.8,0.045,27,153,0.9964,3.19,0.55,9,7,white
5.4,0.29,0.47,3,0.052,47,145,0.993,3.29,0.75,10,6,white
7.8,0.18,0.46,13.6,0.052,38,118,0.998,3.15,0.5,10,6,white
5.5,0.335,0.3,2.5,0.071,27,128,0.9924,3.14,0.51,9.6,6,white
7.3,0.22,0.37,14.3,0.063,48,191,0.9978,2.89,0.38,9,6,white
6.4,0.24,0.32,14.9,0.047,54,162,0.9968,3.28,0.5,10.2,6,white
6.8,0.16,0.4,2.3,0.037,18,102,0.9923,3.49,0.42,11.4,7,white
7.7,0.29,0.48,2.3,0.049,36,178,0.9931,3.17,0.64,10.6,6,white
6.6,0.905,0.19,0.8,0.048,17,204,0.9934,3.34,0.56,10,5,white
6.4,0.31,0.28,1.5,0.037,12,119,0.9919,3.32,0.51,10.4,7,white
7.3,0.2,0.44,1.4,0.045,21,98,0.9924,3.15,0.46,10,7,white
6,0.36,0.39,3.2,0.027,20,125,0.991,3.38,0.39,11.3,7,white
6.7,0.21,0.32,5.4,0.047,29,140,0.995,3.39,0.46,9.7,6,white
6.1,0.55,0.15,9.8,0.031,19,125,0.9957,3.36,0.47,10.2,6,white
8.2,0.28,0.42,1.8,0.031,30,93,0.9917,3.09,0.39,11.4,5,white
6.3,0.2,0.4,1.5,0.037,35,107,0.9917,3.46,0.5,11.4,6,white
6.8,0.22,0.31,6.3,0.035,33,170,0.9918,3.24,0.66,12.6,6,white
6.3,0.14,0.39,1.2,0.044,26,116,0.992,3.26,0.53,10.3,6,white
7.2,0.19,0.39,1.2,0.036,32,85,0.9918,3.16,0.5,10.5,5,white
7.4,0.21,0.27,1.2,0.041,27,99,0.9927,3.19,0.33,9.8,6,white
7,0.22,0.31,2.7,0.03,41,136,0.9898,3.16,0.37,12.7,7,white
6.9,0.23,0.38,8.3,0.047,47,162,0.9954,3.34,0.52,10.5,7,white
7.8,0.21,0.27,1.2,0.051,20,89,0.9936,3.06,0.46,9.1,5,white
7.4,0.155,0.34,2.3,0.045,73.5,214,0.9934,3.18,0.61,9.9,7,white
6.1,0.28,0.32,2.5,0.042,23,218.5,0.9935,3.27,0.6,9.8,5,white
6.7,0.22,0.37,1.6,0.028,24,102,0.9913,3.29,0.59,11.6,7,white
6.9,0.24,0.36,20.8,0.031,40,139,0.9975,3.2,0.33,11,6,white
6.5,0.41,0.24,14,0.048,24,113,0.9982,3.44,0.53,9.8,6,white
5.9,0.46,0.14,2.7,0.042,27,160,0.9931,3.46,0.51,10.6,7,white
6.3,0.23,0.31,1.5,0.022,11,82,0.9892,3.3,0.4,12.9,7,white
7.1,0.21,0.27,8.6,0.056,26,111,0.9956,2.95,0.52,9.5,5,white
7.2,0.39,0.62,11,0.047,66,178,0.9976,3.16,0.5,8.7,5,white
7.2,0.39,0.62,11,0.047,66,178,0.9976,3.16,0.5,8.7,5,white
6.6,0.24,0.29,2,0.023,19,86,0.99,3.25,0.45,12.5,6,white
7.4,0.28,0.36,1.1,0.028,42,105,0.9893,2.99,0.39,12.4,7,white
6.7,0.47,0.34,8.9,0.043,31,172,0.9964,3.22,0.6,9.2,5,white
6.2,0.37,0.3,6.6,0.346,79,200,0.9954,3.29,0.58,9.6,5,white
7.4,0.29,0.29,1.6,0.045,53,180,0.9936,3.34,0.68,10.5,6,white
7.8,0.19,0.26,8.9,0.039,42,182,0.996,3.18,0.46,9.9,6,white
7.2,0.4,0.62,10.8,0.041,70,189,0.9976,3.08,0.49,8.6,4,white
7.2,0.28,0.54,16.7,0.045,54,200,0.999,3.08,0.49,9.5,6,white
7.8,0.18,0.31,12.2,0.053,46,140,0.998,3.06,0.53,8.9,6,white
5.9,0.62,0.28,3.5,0.039,55,152,0.9907,3.44,0.44,12,6,white
7.3,0.26,0.36,5.2,0.04,31,141,0.9931,3.16,0.59,11,6,white
6.8,0.18,0.37,1.6,0.055,47,154,0.9934,3.08,0.45,9.1,5,white
7.9,0.19,0.26,2.1,0.039,8,143,0.9942,3.05,0.74,9.8,5,white
5.6,0.35,0.37,1,0.038,6,72,0.9902,3.37,0.34,11.4,5,white
5.2,0.36,0.02,1.6,0.031,24,104,0.9896,3.44,0.35,12.2,6,white
7.4,0.25,0.36,13.2,0.067,53,178,0.9976,3.01,0.48,9,6,white
7.9,0.345,0.51,15.3,0.047,54,171,0.9987,3.09,0.51,9.1,5,white
6.7,0.31,0.31,9.9,0.04,10,175,0.9953,3.46,0.55,11.4,4,white
6.8,0.28,0.17,13.9,0.047,49,162,0.9983,3.21,0.51,9,6,white
6.5,0.18,0.31,1.7,0.044,30,127,0.9928,3.49,0.5,10.2,7,white
7.8,0.28,0.34,1.6,0.028,32,118,0.9901,3,0.38,12.1,7,white
8.4,0.35,0.71,12.2,0.046,22,160,0.9982,2.98,0.65,9.4,5,white
6.7,0.21,0.42,9.1,0.049,31,150,0.9953,3.12,0.74,9.9,7,white
6.8,0.51,0.3,4.2,0.066,38,165,0.9945,3.2,0.42,9.1,5,white
6.1,0.26,0.51,2.2,0.05,61,154,0.9929,3.08,0.6,9.8,6,white
6.7,0.34,0.54,16.3,0.047,44,181,0.9987,3.04,0.56,8.8,5,white
8.2,0.23,0.29,1.8,0.047,47,187,0.9933,3.13,0.5,10.2,6,white
7.4,0.41,0.66,10.8,0.051,77,194,0.9976,3.05,0.46,8.7,5,white
6.6,0.25,0.3,1.6,0.046,32,134,0.993,3.42,0.51,10.1,7,white
6.9,0.28,0.27,2.1,0.036,42,121,0.9926,3.42,0.49,10.8,7,white
6.9,0.41,0.33,10.1,0.043,28,152,0.9968,3.2,0.52,9.4,5,white
6.7,0.28,0.14,1.4,0.043,64,159,0.992,3.17,0.39,10,5,white
8.1,0.46,0.31,1.7,0.052,50,183,0.9923,3.03,0.42,11.2,5,white
7.2,0.28,0.3,10.7,0.044,61,222,0.9972,3.14,0.5,9.1,6,white
6,0.36,0.16,6.3,0.036,36,191,0.9942,3.17,0.62,9.8,5,white
6.7,0.19,0.34,1,0.022,22,94,0.9912,3.23,0.57,11.1,6,white
8.4,0.4,0.7,13.1,0.042,29,197,0.998,3.06,0.64,9.7,5,white
5.6,0.25,0.26,3.6,0.037,18,115,0.9904,3.42,0.5,12.6,6,white
7.7,0.2,0.44,13.9,0.05,44,130,0.99855,3.11,0.48,10,6,white
8.2,0.27,0.43,1.6,0.035,31,128,0.9916,3.1,0.5,12.3,6,white
7.7,0.42,0.31,9.2,0.048,22,221,0.9969,3.06,0.61,9.2,6,white
6.6,0.29,0.44,9,0.053,62,178,0.99685,3.02,0.45,8.9,5,white
7.8,0.3,0.4,1.8,0.028,23,122,0.9914,3.14,0.39,10.9,7,white
6.4,0.16,0.31,5.3,0.043,42,157,0.99455,3.35,0.47,10.5,5,white
8.8,0.28,0.45,6,0.022,14,49,0.9934,3.01,0.33,11.1,7,white
6.6,0.25,0.3,14.4,0.052,40,183,0.998,3.02,0.5,9.1,6,white
6.9,0.39,0.4,4.6,0.022,5,19,0.9915,3.31,0.37,12.6,3,white
7.4,0.38,0.27,7.5,0.041,24,160,0.99535,3.17,0.43,10,5,white
6.9,0.18,0.38,8.1,0.049,44,176,0.9958,3.3,0.54,9.8,6,white
6.7,0.2,0.42,14,0.038,83,160,0.9987,3.16,0.5,9.4,6,white
5.8,0.25,0.28,11.1,0.056,45,175,0.99755,3.42,0.43,9.5,5,white
6.9,0.18,0.38,8.1,0.049,44,176,0.9958,3.3,0.54,9.8,6,white
6.3,0.3,0.28,5,0.042,36,168,0.99505,3.22,0.69,9.5,6,white
6.7,0.11,0.34,8.8,0.043,41,113,0.9962,3.42,0.4,9.3,7,white
6.6,0.21,0.6,1.1,0.135,61,144,0.9927,3.12,0.39,9.3,7,white
8.3,0.14,0.45,1.5,0.039,18,98,0.99215,3.02,0.56,11,6,white
6,0.395,0,1.4,0.042,7,55,0.99135,3.37,0.38,11.2,4,white
7.2,0.23,0.19,13.7,0.052,47,197,0.99865,3.12,0.53,9,5,white
5.8,0.34,0.16,7,0.037,26,116,0.9949,3.46,0.45,10,7,white
6.4,0.46,0.08,4.9,0.046,34,144,0.99445,3.1,0.56,10,5,white
7.8,0.42,0.23,8.8,0.054,42,215,0.9971,3.02,0.58,9.2,6,white
7.8,0.27,0.58,11.2,0.036,44,161,0.9977,3.06,0.41,8.9,6,white
7.3,0.32,0.34,6.6,0.032,24,112,0.99505,3.22,0.46,9.8,6,white
6,0.39,0.17,12,0.046,65,246,0.9976,3.15,0.38,9,6,white
6.4,0.35,0.28,1.1,0.055,9,160,0.99405,3.42,0.5,9.1,7,white
8.4,0.18,0.42,5.1,0.036,7,77,0.9939,3.16,0.52,11.7,5,white
6.6,0.36,0.29,1.6,0.021,24,85,0.98965,3.41,0.61,12.4,9,white
8.4,0.18,0.42,5.1,0.036,7,77,0.9939,3.16,0.52,11.7,5,white
7.1,0.16,0.36,10.7,0.044,20,90,0.9959,3.16,0.44,10.9,7,white
7.3,0.3,0.34,2.7,0.044,34,108,0.99105,3.36,0.53,12.8,8,white
7.3,0.25,0.36,2.1,0.034,30,177,0.99085,3.25,0.4,11.9,8,white
7.6,0.33,0.35,6.3,0.036,12,126,0.9924,3.16,0.39,12,7,white
7.3,0.21,0.29,1.6,0.034,29,118,0.9917,3.3,0.5,11,8,white
8.7,0.23,0.32,13.4,0.044,35,169,0.99975,3.12,0.47,8.8,7,white
6.9,0.18,0.36,1.3,0.036,40,117,0.9934,3.27,0.95,9.5,7,white
8.2,0.38,0.49,13.6,0.042,58,166,0.99855,3.1,0.54,9.4,5,white
8.1,0.27,0.35,1.7,0.03,38,103,0.99255,3.22,0.63,10.4,8,white
4.8,0.33,0,6.5,0.028,34,163,0.9937,3.35,0.61,9.9,5,white
7.3,0.28,0.42,14.4,0.04,49,173,0.9994,3.28,0.82,9,7,white
6.3,0.26,0.21,4,0.03,24,125,0.9915,3.06,0.34,10.7,6,white
6.9,0.36,0.34,4.2,0.018,57,119,0.9898,3.28,0.36,12.7,9,white
7.1,0.21,0.32,2.2,0.037,28,141,0.993,3.2,0.57,10,7,white
6.8,0.23,0.29,12.2,0.035,38,236,0.9976,3.35,0.52,9.8,6,white
7.3,0.26,0.31,1.6,0.04,39,173,0.9918,3.19,0.51,11.4,6,white
5.9,0.26,0.3,1,0.036,38,114,0.9928,3.58,0.48,9.4,5,white
6.8,0.18,0.28,8.7,0.047,52,242,0.9952,3.22,0.53,10.5,6,white
6.6,0.2,0.38,7.9,0.052,30,145,0.9947,3.32,0.56,11,7,white
6.9,0.21,0.28,2.4,0.056,49,159,0.9944,3.02,0.47,8.8,8,white
8,0.23,0.37,9.6,0.054,23,159,0.99795,3.32,0.47,9.8,4,white
6.3,0.34,0.19,5.8,0.041,22,145,0.9943,3.15,0.63,9.9,5,white
7.4,0.13,0.39,4.7,0.042,36,137,0.995,3.36,0.56,10.3,7,white
7,0.11,0.32,4.6,0.057,59,144,0.9956,3.55,0.44,9.4,7,white
7.9,0.28,0.41,2,0.044,50,152,0.9934,3.45,0.49,10.7,8,white
6.5,0.25,0.35,12,0.055,47,179,0.998,3.58,0.47,10,5,white
6.5,0.26,0.28,12.5,0.046,80,225,0.99685,3.18,0.41,10,6,white
6.4,0.43,0.32,1.4,0.048,10,67,0.992,3.08,0.41,11.4,5,white
6.2,0.34,0.28,7.5,0.034,40,197,0.99485,3.14,0.6,9.7,5,white
6.5,0.18,0.33,8,0.051,16,131,0.9965,3.28,0.44,8.7,7,white
6.8,0.705,0.25,3.2,0.048,10,57,0.996,3.36,0.52,9.5,4,white
6.5,0.17,0.33,1.4,0.028,14,99,0.9928,3.23,0.55,10.1,6,white
7.5,0.32,0.26,1.8,0.042,13,133,0.9938,3.07,0.38,9.5,5,white
7.3,0.24,0.34,15.4,0.05,38,174,0.9983,3.03,0.42,9,6,white
5.9,0.26,0.21,12.5,0.034,36,152,0.9972,3.28,0.43,9.5,6,white
6.5,0.08,0.33,1.9,0.028,23,93,0.991,3.34,0.7,12,7,white
6.8,0.22,0.35,17.5,0.039,38,153,0.9994,3.24,0.42,9,6,white
6.6,0.13,0.3,4.9,0.058,47,131,0.9946,3.51,0.45,10.3,6,white
6,0.19,0.71,1.5,0.152,9,55,0.9927,3.12,0.46,9.8,6,white
6.9,0.19,0.33,1.6,0.043,63,149,0.9925,3.44,0.52,10.8,5,white
6.9,0.19,0.33,1.6,0.043,63,149,0.9925,3.44,0.52,10.8,5,white
6.5,0.25,0.27,15.2,0.049,75,217,0.9972,3.19,0.39,9.9,5,white
6,0.26,0.34,1.3,0.046,6,29,0.9924,3.29,0.63,10.4,5,white
8,0.19,0.36,1.8,0.05,16,84,0.9936,3.15,0.45,9.8,7,white
5.8,0.36,0.26,3.3,0.038,40,153,0.9911,3.34,0.55,11.3,6,white
6.6,0.22,0.37,1.2,0.059,45,199,0.993,3.37,0.55,10.3,7,white
8.3,0.16,0.48,1.7,0.057,31,98,0.9943,3.15,0.41,10.3,6,white
6.8,0.37,0.47,11.2,0.071,44,136,0.9968,2.98,0.88,9.2,5,white
8.6,0.2,0.42,1.5,0.041,35,125,0.9925,3.11,0.49,11.4,7,white
6.8,0.34,0.74,2.8,0.088,23,185,0.9928,3.51,0.7,12,6,white
7,0.24,0.35,1.5,0.052,51,128,0.9941,3.41,0.59,10.4,7,white
7.1,0.3,0.36,6.8,0.055,44.5,234,0.9972,3.49,0.64,10.2,6,white
7.5,0.17,0.37,1.5,0.06,18,75,0.9936,3.54,0.88,10.7,5,white
8.2,0.68,0.3,2.1,0.047,17,138,0.995,3.22,0.71,10.8,4,white
7.2,0.21,0.37,1.6,0.049,23,94,0.9924,3.16,0.48,10.9,7,white
8.3,0.4,0.38,1.1,0.038,15,75,0.9934,3.03,0.43,9.2,5,white
7.6,0.29,0.42,1.3,0.035,18,86,0.9908,2.99,0.39,11.3,5,white
7.5,0.21,0.34,1.2,0.06,26,111,0.9931,3.51,0.47,10.7,6,white
8,0.26,0.36,2,0.054,30,121,0.992,3.09,0.72,11.6,7,white
8.1,0.26,0.37,1.9,0.072,48,159,0.9949,3.37,0.7,10.9,6,white
8.8,0.33,0.44,6.35,0.024,9,87,0.9917,2.96,0.4,12.6,7,white
8.2,0.29,0.33,9.1,0.036,28,118,0.9953,2.96,0.4,10.9,7,white
7.5,0.28,0.33,7.7,0.048,42,180,0.9974,3.37,0.59,10.1,6,white
6.8,0.15,0.33,4.7,0.059,31,118,0.9956,3.43,0.39,9,7,white
6.3,0.23,0.21,5.1,0.035,29,142,0.9942,3.36,0.33,10.1,7,white
7.4,0.2,0.37,16.95,0.048,43,190,0.9995,3.03,0.42,9.2,6,white
7.1,0.21,0.4,1.2,0.069,24,156,0.9928,3.42,0.43,10.6,6,white
6.5,0.28,0.26,8.8,0.04,44,139,0.9956,3.32,0.37,10.2,6,white
6.3,0.27,0.25,5.8,0.038,52,155,0.995,3.28,0.38,9.4,6,white
7.3,0.31,0.69,10.2,0.041,58,160,0.9977,3.06,0.45,8.6,5,white
6.1,0.29,0.27,1.7,0.024,13,76,0.9893,3.21,0.51,12.6,7,white
6.5,0.22,0.34,12,0.053,55,177,0.9983,3.52,0.44,9.9,6,white
5.9,0.415,0.13,1.4,0.04,11,64,0.9922,3.29,0.52,10.5,5,white
6.7,0.105,0.32,12.4,0.051,34,106,0.998,3.54,0.45,9.2,6,white
9.6,0.23,0.4,1.5,0.044,19,135,0.9937,2.96,0.49,10.9,5,white
5.7,0.1,0.27,1.3,0.047,21,100,0.9928,3.27,0.46,9.5,5,white
6.8,0.39,0.31,14.35,0.043,28,162,0.9988,3.17,0.54,9.1,5,white
6,0.26,0.42,5.2,0.027,70,178,0.9914,3.4,0.4,12.3,8,white
8.5,0.16,0.33,1,0.076,17,57,0.9921,3.14,0.46,10.6,6,white
7.2,0.25,0.32,1.5,0.047,27,132,0.9933,3.26,0.44,10.5,5,white
7,0.17,0.37,5.7,0.025,29,111,0.9938,3.2,0.49,10.8,6,white
6.1,0.6,0,1.3,0.042,24,79,0.9937,3.31,0.38,9.4,4,white
7.8,0.3,0.29,16.85,0.054,23,135,0.9998,3.16,0.38,9,6,white
7.5,0.14,0.34,1.3,0.055,50,153,0.9945,3.29,0.8,9.6,6,white
8.2,0.23,0.49,0.9,0.057,15,73,0.9928,3.07,0.38,10.4,6,white
7.2,0.2,0.38,1,0.037,21,74,0.9918,3.21,0.37,11,5,white
7.6,0.21,0.44,1.9,0.036,10,119,0.9913,3.01,0.7,12.8,6,white
6.3,0.32,0.35,11.1,0.039,29,198,0.9984,3.36,0.5,9.4,7,white
8.2,0.61,0.45,5.4,0.03,15,118,0.9954,3.14,0.34,9.6,5,white
7.9,0.46,0.32,4.1,0.033,40,138,0.9912,3.18,0.44,12.8,7,white
7.1,0.21,0.3,1.4,0.037,45,143,0.9932,3.13,0.33,9.9,6,white
7.1,0.26,0.32,14.45,0.074,29,107,0.998,2.96,0.42,9.2,6,white
6.9,0.25,0.26,5.2,0.024,36,135,0.9948,3.16,0.72,10.7,7,white
6.8,0.18,0.37,1.5,0.027,37,93,0.992,3.3,0.45,10.8,6,white
5,0.33,0.16,1.5,0.049,10,97,0.9917,3.48,0.44,10.7,6,white
6.3,0.21,0.4,1.7,0.031,48,134,0.9917,3.42,0.49,11.5,6,white
7.6,0.32,0.36,1.6,0.04,32,155,0.993,3.23,0.52,11.3,6,white
8.2,0.37,0.36,1,0.034,17,93,0.9906,3.04,0.32,11.7,8,white
6.4,0.23,0.33,1.15,0.044,15.5,217.5,0.992,3.33,0.44,11,6,white
7.2,0.23,0.39,2.3,0.033,29,102,0.9908,3.26,0.54,12.3,7,white
9.4,0.26,0.53,1.2,0.047,25,109,0.9921,3.23,0.28,12.5,6,white
7.9,0.44,0.37,5.85,0.033,27,93,0.992,3.16,0.54,12.6,7,white
6.8,0.32,0.37,3.4,0.023,19,87,0.9902,3.14,0.53,12.7,6,white
7.9,0.14,0.28,1.8,0.041,44,178,0.9954,3.45,0.43,9.2,6,white
6.4,0.26,0.22,5.1,0.037,23,131,0.9944,3.29,0.32,10.1,5,white
7.2,0.18,0.31,1.1,0.045,20,73,0.9925,3.32,0.4,10.8,7,white
5.6,0.245,0.32,1.1,0.047,24,152,0.9927,3.12,0.42,9.3,6,white
7.3,0.18,0.65,1.4,0.046,28,157,0.9946,3.33,0.62,9.4,6,white
6.4,0.23,0.3,7.1,0.037,63,236,0.9952,3.06,0.34,9.2,6,white
7.2,0.14,0.35,1.2,0.036,15,73,0.9938,3.46,0.39,9.9,5,white
7.6,0.31,0.29,10.5,0.04,21,145,0.9966,3.04,0.35,9.4,5,white
7,0.39,0.31,5.3,0.169,32,162,0.9965,3.2,0.48,9.4,5,white
8,0.22,0.42,14.6,0.044,45,163,1.0003,3.21,0.69,8.6,7,white
7.8,0.16,0.41,1.7,0.026,29,140,0.991,3.02,0.78,12.5,6,white
7.7,0.27,0.34,1.8,0.028,26,168,0.9911,2.99,0.48,12.1,7,white
7.2,0.32,0.33,1.4,0.029,29,109,0.9902,3.15,0.51,12.8,7,white
6.2,0.17,0.3,1.1,0.037,14,79,0.993,3.5,0.54,10.3,6,white
7.5,0.38,0.33,5,0.045,30,131,0.9942,3.32,0.44,10.9,6,white
9,0.245,0.38,5.9,0.045,52,159,0.995,2.93,0.35,10.2,6,white
8,0.59,0.71,17.35,0.038,61,228,1,2.95,0.75,9.3,5,white
9.2,0.15,0.68,1.6,0.046,22,130,0.9948,3.02,0.45,10.4,6,white
9.6,0.25,0.54,1.3,0.04,16,160,0.9938,2.94,0.43,10.5,5,white
7.9,0.255,0.26,2,0.026,40,190,0.9932,3.04,0.39,11.2,6,white
7.6,0.19,0.42,1.5,0.044,6,114,0.9914,3.04,0.74,12.8,6,white
6.9,0.16,0.35,1.3,0.043,21,182,0.9927,3.25,0.62,10.8,6,white
5.2,0.37,0.33,1.2,0.028,13,81,0.9902,3.37,0.38,11.7,6,white
7.9,0.16,0.64,17,0.05,69,210,1.0004,3.15,0.51,9.3,7,white
7.8,0.29,0.36,7,0.042,38,161,0.9941,3.26,0.37,11.2,8,white
7.2,0.16,0.32,0.8,0.04,50,121,0.9922,3.27,0.33,10,6,white
7.3,0.23,0.37,1.9,0.041,51,165,0.9908,3.26,0.4,12.2,8,white
7.8,0.29,0.36,7,0.042,38,161,0.9941,3.26,0.37,11.2,8,white
5.7,0.21,0.24,2.3,0.047,60,189,0.995,3.65,0.72,10.1,6,white
7.3,0.22,0.41,15.4,0.05,55,191,1,3.32,0.59,8.9,6,white
6.2,0.12,0.26,5.7,0.044,56,158,0.9951,3.52,0.37,10.5,6,white
7.6,0.19,0.41,1.1,0.04,38,143,0.9907,2.92,0.42,11.4,5,white
7.3,0.22,0.41,15.4,0.05,55,191,1,3.32,0.59,8.9,6,white
10.7,0.22,0.56,8.2,0.044,37,181,0.998,2.87,0.68,9.5,6,white
6.9,0.27,0.41,1.7,0.047,6,134,0.9929,3.15,0.69,11.4,6,white
6.9,0.38,0.32,8.5,0.044,36,152,0.9932,3.38,0.35,12,7,white
7,0.17,0.74,12.8,0.045,24,126,0.9942,3.26,0.38,12.2,8,white
6.8,0.21,0.49,14.5,0.06,50,170,0.9991,3.55,0.44,9.8,6,white
7.3,0.22,0.49,9.4,0.034,29,134,0.9939,2.99,0.32,11,7,white
8.2,0.22,0.49,9.6,0.037,53,154,0.9951,3.02,0.33,10.6,6,white
8.3,0.2,0.49,1.7,0.038,38,167,0.9939,3.05,0.37,10.1,6,white
6.6,0.21,0.49,18.15,0.042,41,158,0.9997,3.28,0.39,8.7,6,white
7.4,0.27,0.49,1.1,0.037,33,156,0.992,3.15,0.54,11.1,6,white
7.5,0.23,0.49,7.7,0.049,61,209,0.9941,3.14,0.3,11.1,7,white
8.9,0.13,0.49,1,0.028,6,24,0.9926,2.91,0.32,9.9,5,white
7.1,0.18,0.74,15.6,0.044,44,176,0.9996,3.38,0.67,9,6,white
8.9,0.13,0.49,1,0.028,6,24,0.9926,2.91,0.32,9.9,5,white
7.1,0.36,0.24,1.8,0.025,32,102,0.9903,3.34,0.59,12.8,6,white
7.3,0.21,0.49,1.8,0.038,44,152,0.9912,3.32,0.44,12.6,7,white
7.6,0.23,0.49,10,0.036,45,182,0.9967,3.08,0.58,9.6,6,white
7.8,0.3,0.74,1.8,0.033,33,156,0.991,3.29,0.52,12.8,6,white
9.1,0.28,0.49,2,0.059,10,112,0.9958,3.15,0.46,10.1,5,white
7.4,0.3,0.49,8.2,0.055,49,188,0.9974,3.52,0.58,9.7,6,white
6.9,0.22,0.49,7,0.063,50,168,0.9957,3.54,0.5,10.3,6,white
6.2,0.27,0.49,1.4,0.05,20,74,0.9931,3.32,0.44,9.8,6,white
9.8,0.31,0.49,15.4,0.046,13,119,1.0004,3.18,0.45,9.5,5,white
6.4,0.25,0.74,7.8,0.045,52,209,0.9956,3.21,0.42,9.2,6,white
7.3,0.3,0.74,13.5,0.039,46,165,0.9982,3.02,0.4,8.7,5,white
6.8,0.21,0.74,1.2,0.047,25,111,0.9916,3.13,0.41,10.7,6,white
6.6,0.55,0.01,2.7,0.034,56,122,0.9906,3.15,0.3,11.9,5,white
7,0.29,0.49,3.8,0.047,37,136,0.9938,2.95,0.4,9.4,6,white
6.7,0.41,0.01,2.8,0.048,39,137,0.9942,3.24,0.35,9.5,5,white
6.9,0.27,0.49,23.5,0.057,59,235,1.0024,2.98,0.47,8.6,5,white
7.8,0.26,0.49,3.2,0.027,28,87,0.9919,3.03,0.32,11.3,7,white
6.9,0.34,0.49,7.3,0.045,61,206,0.9957,3.09,0.4,9,6,white
7.8,0.26,0.49,3.2,0.027,28,87,0.9919,3.03,0.32,11.3,7,white
9,0.17,0.49,1,0.039,46,131,0.993,3.09,0.51,10.5,7,white
8.2,0.2,0.49,3.5,0.057,14,108,0.9928,3.19,0.35,11.5,6,white
7.1,0.28,0.49,6.5,0.041,28,111,0.9926,3.41,0.58,12.2,8,white
7.8,0.49,0.49,7,0.043,29,149,0.9952,3.21,0.33,10,5,white
7.8,0.49,0.49,7,0.043,29,149,0.9952,3.21,0.33,10,5,white
7.3,0.19,0.49,15.55,0.058,50,134,0.9998,3.42,0.36,9.1,7,white
7.1,0.3,0.49,1.6,0.045,31,100,0.9942,3.4,0.59,10.2,5,white
8.2,0.29,0.49,1,0.044,29,118,0.9928,3.24,0.36,10.9,4,white
5.8,0.15,0.49,1.1,0.048,21,98,0.9929,3.19,0.48,9.2,5,white
6.6,0.27,0.49,7.8,0.049,62,217,0.9959,3.17,0.45,9.4,6,white
8.1,0.28,0.46,15.4,0.059,32,177,1.0004,3.27,0.58,9,4,white
7.9,0.18,0.33,1.2,0.033,20,72,0.9922,3.12,0.38,10.5,7,white
6.6,0.26,0.31,4.8,0.138,41,168,0.9951,3.2,0.38,9.3,5,white
7,0.35,0.3,6.5,0.028,27,87,0.9936,3.4,0.42,11.4,7,white
7.6,0.32,0.34,18.35,0.054,44,197,1.0008,3.22,0.55,9,5,white
7.3,0.26,0.33,17.85,0.049,41.5,195,1,3.06,0.44,9.1,7,white
6.7,0.25,0.26,1.55,0.041,118.5,216,0.9949,3.55,0.63,9.4,3,white
7,0.24,0.3,4.2,0.04,41,213,0.9927,3.28,0.49,11.8,6,white
8.5,0.32,0.36,14.9,0.041,47,190,0.9982,3.08,0.31,10,6,white
6.7,0.26,0.3,1.8,0.043,25,121,0.9944,3.44,0.61,10.2,6,white
6.7,0.31,0.42,6.4,0.057,25,148,0.9955,3.16,0.45,9.6,5,white
7,0.61,0.26,1.7,0.051,25,161,0.9946,3.36,0.6,10.6,4,white
7.9,0.18,0.37,3,0.061,25,178,0.995,3.22,0.51,10,6,white
7,0.21,0.31,6,0.046,29,108,0.9939,3.26,0.5,10.8,6,white
7.6,0.2,0.39,2.6,0.044,30,180,0.9941,3.46,0.44,10.8,7,white
7,0.13,0.3,5,0.056,31,122,0.9945,3.47,0.42,10.5,6,white
6.8,0.3,0.24,6.6,0.123,35,116,0.9953,3.07,0.48,9.4,5,white
6.6,0.545,0.04,2.5,0.031,48,111,0.9906,3.14,0.32,11.9,5,white
6.1,0.22,0.23,3.1,0.052,15,104,0.9948,3.14,0.42,8.7,5,white
6.6,0.37,0.47,6.5,0.061,23,150,0.9954,3.14,0.45,9.6,6,white
6.6,0.22,0.58,1.1,0.133,52,136,0.9932,3.1,0.3,9.1,5,white
8,0.27,0.24,1.2,0.044,20,102,0.9929,3.28,0.42,10.9,5,white
6.1,0.255,0.44,12.3,0.045,53,197,0.9967,3.24,0.54,9.5,6,white
6.7,0.27,0.25,8,0.053,54,202,0.9961,3.22,0.43,9.3,5,white
6.4,0.28,0.19,5.4,0.042,67,181,0.99435,3.31,0.35,10.2,6,white
6.7,0.27,0.25,8,0.053,54,202,0.9961,3.22,0.43,9.3,5,white
6.6,0.37,0.07,1.4,0.048,58,144,0.9922,3.17,0.38,10,5,white
7.8,0.4,0.26,9.5,0.059,32,178,0.9955,3.04,0.43,10.9,6,white
6.6,0.25,0.35,14,0.069,42,163,0.999,3.56,0.47,9.8,5,white
8.4,0.17,0.31,5.4,0.052,47,150,0.9953,3.24,0.38,9.8,5,white
6.7,0.24,0.29,6.8,0.038,54,127,0.9932,3.33,0.46,11.6,7,white
8.2,0.36,0.29,7.6,0.035,37,122,0.9939,3.16,0.34,12,5,white
7.8,0.22,0.36,1.4,0.056,21,153,0.993,3.2,0.53,10.4,6,white
7.1,0.37,0.32,1.4,0.037,27,126,0.9918,3.19,0.62,12,5,white
7.6,0.3,0.22,10.2,0.049,57,191,0.9966,3.08,0.4,9.3,6,white
7.6,0.3,0.22,10.2,0.049,57,191,0.9966,3.08,0.4,9.3,6,white
7.5,0.33,0.39,12.4,0.065,29,119,0.9974,3.16,0.39,9.4,5,white
5.6,0.46,0.24,4.8,0.042,24,72,0.9908,3.29,0.37,12.6,6,white
6.7,0.27,0.3,13.9,0.029,34,131,0.9953,3.36,0.5,12,7,white
6.8,0.3,0.35,2.8,0.038,10,164,0.9912,3.09,0.53,12,6,white
6.5,0.32,0.12,11.5,0.033,35,165,0.9974,3.22,0.32,9,5,white
7.3,0.17,0.23,6.3,0.051,35,240,0.9963,3.36,0.54,10,6,white
7.7,0.44,0.24,11.2,0.031,41,167,0.9948,3.12,0.43,11.3,7,white
7,0.19,0.23,5.7,0.123,27,104,0.9954,3.04,0.54,9.4,6,white
6.9,0.18,0.33,1,0.054,24,164,0.9926,3.42,0.51,10.5,5,white
6.1,0.34,0.46,4.7,0.029,21,94,0.991,3.29,0.62,12.3,6,white
8.7,0.49,0.57,17.8,0.052,34,243,1.0007,2.98,0.82,9,5,white
6.4,0.18,0.31,1.6,0.049,36,127,0.9934,3.6,0.67,10.4,7,white
10,0.91,0.42,1.6,0.056,34,181,0.9968,3.11,0.46,10,4,white
6.7,0.18,0.19,4.7,0.046,57,161,0.9946,3.32,0.66,10.5,6,white
7.1,0.25,0.3,2.4,0.042,25,122,0.994,3.43,0.61,10.5,6,white
7.4,0.21,0.27,7.3,0.031,41,144,0.9932,3.15,0.38,11.8,7,white
5.8,0.33,0.2,16.05,0.047,26,166,0.9976,3.09,0.46,8.9,5,white
8,0.19,0.3,2,0.053,48,140,0.994,3.18,0.49,9.6,6,white
7.7,0.3,0.42,14.3,0.045,45,213,0.9991,3.18,0.63,9.2,5,white
6.4,0.22,0.32,7.9,0.029,34,124,0.9948,3.4,0.39,10.2,5,white
7.2,0.24,0.4,17.85,0.049,50,185,1,3.34,0.42,9.6,5,white
6.8,0.24,0.31,18.3,0.046,40,142,1,3.3,0.41,8.7,5,white
7.5,0.29,0.67,8.1,0.037,53,166,0.9966,2.9,0.41,8.9,6,white
10,0.23,0.27,14.1,0.033,45,166,0.9988,2.72,0.43,9.7,6,white
7.9,0.26,0.33,10.3,0.039,73,212,0.9969,2.93,0.49,9.5,6,white
7.2,0.36,0.36,5.7,0.038,26,98,0.9914,2.93,0.59,12.5,7,white
7.9,0.3,0.27,8.5,0.036,20,112,0.9939,2.96,0.46,11.7,6,white
6.6,0.25,0.36,8.1,0.045,54,180,0.9958,3.08,0.42,9.2,5,white
8.1,0.26,0.33,11.1,0.052,52.5,158,0.9976,3.03,0.49,10.2,7,white
7.6,0.26,0.36,1.6,0.032,6,106,0.993,3.15,0.4,10.4,4,white
7,0.27,0.32,6.8,0.047,47,193,0.9938,3.23,0.39,11.4,6,white
9.2,0.71,0.23,6.2,0.042,15,93,0.9948,2.89,0.34,10.1,6,white
9.2,0.27,0.34,10.5,0.043,49,228,0.9974,3.04,0.41,10.4,6,white
8.3,0.36,0.57,15,0.052,35,256,1.0001,2.93,0.64,8.6,5,white
6,0.45,0.42,1.1,0.051,61,197,0.9932,3.02,0.4,9,5,white
7.2,0.19,0.31,1.4,0.046,37,135,0.9939,3.34,0.57,10.2,7,white
8.1,0.31,0.36,8.2,0.028,29,142,0.9925,3.01,0.34,13,7,white
7.2,0.15,0.33,1.1,0.027,16,63,0.9937,3.37,0.4,9.9,5,white
8.5,0.17,0.31,1,0.024,13,91,0.993,2.79,0.37,10.1,5,white
6.8,0.31,0.42,6.9,0.046,50,173,0.9958,3.19,0.46,9,5,white
7.6,0.2,0.31,1.4,0.047,41,142,0.9934,3.43,0.53,10.1,6,white
7.6,0.2,0.26,4.5,0.086,37,133,0.9963,3.15,0.42,9.2,5,white
6.8,0.28,0.37,7,0.057,35,208,0.9973,3.57,0.55,10.2,5,white
7.6,0.2,0.3,14.2,0.056,53,212.5,0.999,3.14,0.46,8.9,8,white
7.6,0.2,0.3,14.2,0.056,53,212.5,0.999,3.14,0.46,8.9,8,white
8,0.22,0.32,10.4,0.043,63,201,0.997,3.11,0.53,9.5,6,white
7,0.12,0.28,6.3,0.057,17,103,0.9957,3.5,0.44,9.6,5,white
7,0.28,0.33,14.6,0.043,47,168,0.9994,3.34,0.67,8.8,6,white
6.8,0.31,0.09,1.4,0.04,56,145,0.9922,3.19,0.46,10,5,white
7.4,0.26,0.31,2.4,0.043,58,178,0.9941,3.42,0.68,10.6,6,white
7.2,0.15,0.39,1.8,0.043,21,159,0.9948,3.52,0.47,10,5,white
6.8,0.18,0.46,1.4,0.064,37,160,0.9924,3.37,0.45,11.1,5,white
6.3,0.41,0.33,4.7,0.023,28,110,0.991,3.3,0.38,12.5,7,white
7.7,0.26,0.34,6.4,0.05,36,163,0.9937,3.19,0.7,11.5,6,white
8,0.43,0.4,12.4,0.168,29,190,0.9991,3.07,0.64,9.2,5,white
8.9,0.21,0.34,7.1,0.037,33,150,0.9962,3.1,0.45,9.7,6,white
6.5,0.25,0.2,1.4,0.024,29,101,0.9916,3.24,0.54,10.8,6,white
5.7,0.27,0.32,1.2,0.046,20,155,0.9934,3.8,0.41,10.2,6,white
6.7,0.3,0.45,10.6,0.032,56,212,0.997,3.22,0.59,9.5,6,white
5.7,0.385,0.04,12.6,0.034,22,115,0.9964,3.28,0.63,9.9,6,white
6.8,0.33,0.44,7,0.05,29,155,0.9955,3.14,0.42,9.5,5,white
6.8,0.21,0.27,18.15,0.042,41,146,1.0001,3.3,0.36,8.7,5,white
6.8,0.21,0.27,18.15,0.042,41,146,1.0001,3.3,0.36,8.7,5,white
6.8,0.28,0.44,11.5,0.04,58,223,0.9969,3.22,0.56,9.5,5,white
6.6,0.22,0.28,4.9,0.042,51,180,0.9952,3.3,0.75,9.5,6,white
5.7,0.32,0.18,1.4,0.029,26,104,0.9906,3.44,0.37,11,6,white
6.6,0.23,0.27,5.6,0.043,43,164,0.9953,3.27,0.76,9.5,5,white
6.8,0.36,0.32,1.6,0.039,10,124,0.9948,3.3,0.67,9.6,5,white
6.8,0.36,0.32,1.6,0.039,10,124,0.9948,3.3,0.67,9.6,5,white
7.9,0.17,0.32,1.6,0.053,47,150,0.9948,3.29,0.76,9.6,6,white
8.7,0.15,0.3,1.6,0.046,29,130,0.9942,3.22,0.38,9.8,6,white
5.3,0.76,0.03,2.7,0.043,27,93,0.9932,3.34,0.38,9.2,5,white
6.8,0.46,0.26,6.3,0.147,49,159,0.99434,3.14,0.47,10,5,white
7.6,0.285,0.32,14.6,0.063,32,201,0.998,3,0.45,9.2,5,white
6.6,0.26,0.27,1.5,0.04,19,114,0.99295,3.36,0.62,10.5,6,white
7.3,0.19,0.27,1.6,0.027,35,136,0.99248,3.38,0.54,11,7,white
8.1,0.33,0.36,7.4,0.037,36,156,0.99592,3.19,0.54,10.6,6,white
6.6,0.33,0.24,16.05,0.045,31,147,0.99822,3.08,0.52,9.2,5,white
6,0.26,0.15,1.2,0.053,35,124,0.99347,3.08,0.46,8.8,5,white
5.2,0.16,0.34,0.8,0.029,26,77,0.99155,3.25,0.51,10.1,6,white
8.8,0.24,0.23,10.3,0.032,12,97,0.99571,3.13,0.4,10.7,6,white
6.8,0.29,0.49,1.4,0.142,52,148,0.9937,3.08,0.49,9,6,white
6.8,0.32,0.3,1,0.049,22,113,0.99289,3.24,0.61,10.2,5,white
6.4,0.3,0.16,7.5,0.05,55,191,0.9959,3.17,0.49,9,5,white
7.9,0.27,0.27,1.7,0.034,25,122,0.99088,2.97,0.51,11.9,6,white
6.1,0.28,0.24,19.95,0.074,32,174,0.99922,3.19,0.44,9.3,6,white
8.6,0.23,0.25,11.3,0.031,13,96,0.99645,3.11,0.4,10.8,5,white
6.8,0.21,0.36,18.1,0.046,32,133,1,3.27,0.48,8.8,5,white
8.5,0.3,0.28,3.1,0.054,54,174,0.99543,3.21,0.43,9.4,6,white
6.6,0.26,0.25,11.6,0.045,45,178,0.99691,3.33,0.43,9.8,6,white
5.6,0.175,0.29,0.8,0.043,20,67,0.99112,3.28,0.48,9.9,6,white
7.1,0.32,0.29,4,0.038,33,170,0.99463,3.27,0.64,10.2,6,white
7.5,0.41,0.23,14.8,0.054,28,174,0.99898,3.18,0.49,9.7,5,white
7.5,0.41,0.23,14.8,0.054,28,174,0.99898,3.18,0.49,9.7,5,white
6.4,0.16,0.37,1.5,0.037,27,109,0.99345,3.38,0.5,9.8,6,white
6.7,0.54,0.27,7.1,0.049,8,178,0.99502,3.16,0.38,9.4,4,white
6.5,0.23,0.25,17.3,0.046,15,110,0.99828,3.15,0.42,9.2,6,white
9,0.29,0.34,12.1,0.03,34,177,0.99706,3.13,0.47,10.6,5,white
6.9,0.32,0.3,1.8,0.036,28,117,0.99269,3.24,0.48,11,6,white
6.3,0.26,0.42,7.1,0.045,62,209,0.99544,3.2,0.53,9.5,6,white
6.6,0.36,0.52,11.3,0.046,8,110,0.9966,3.07,0.46,9.4,5,white
7.6,0.23,0.64,12.9,0.033,54,170,0.998,3,0.53,8.8,5,white
6.9,0.32,0.26,2.3,0.03,11,103,0.99106,3.06,0.42,11.1,6,white
6.6,0.41,0.16,1.4,0.037,28,160,0.99167,2.95,0.45,10.6,6,white
6.8,0.28,0.36,7,0.043,60,207,0.99556,3.16,0.49,9.6,6,white
7,0.14,0.28,1.3,0.026,10,56,0.99352,3.46,0.45,9.9,5,white
6.5,0.27,0.4,10,0.039,74,227,0.99582,3.18,0.5,9.4,5,white
7.7,0.3,0.26,18.95,0.053,36,174,0.99976,3.2,0.5,10.4,5,white
6.8,0.18,0.3,12.8,0.062,19,171,0.99808,3,0.52,9,7,white
6.8,0.18,0.3,12.8,0.062,19,171,0.99808,3,0.52,9,7,white
7.3,0.32,0.29,1.5,0.038,32,144,0.99296,3.2,0.55,10.8,5,white
7.8,0.28,0.31,2.1,0.046,28,208,0.99434,3.23,0.64,9.8,5,white
6.8,0.11,0.42,1.1,0.042,51,132,0.99059,3.18,0.74,11.3,7,white
6.7,0.3,0.29,2.8,0.025,37,107,0.99159,3.31,0.63,11.3,7,white
7.5,0.25,0.32,8.2,0.024,53,209,0.99563,3.12,0.46,10.8,6,white
6.7,0.3,0.29,2.8,0.025,37,107,0.99159,3.31,0.63,11.3,7,white
6.5,0.18,0.41,14.2,0.039,47,129,0.99678,3.28,0.72,10.3,7,white
6.5,0.28,0.28,20.4,0.041,40,144,1.0002,3.14,0.38,8.7,5,white
6.15,0.21,0.37,3.2,0.021,20,80,0.99076,3.39,0.47,12,5,white
7,0.24,0.24,9,0.03,42,219,0.99636,3.47,0.46,10.2,6,white
6.8,0.44,0.2,16,0.065,61,186,0.99884,3.13,0.45,8.6,5,white
7.2,0.24,0.27,11.4,0.034,40,174,0.99773,3.2,0.44,9,5,white
7.4,0.2,0.37,1.2,0.028,28,89,0.99132,3.14,0.61,11.8,6,white
7.15,0.17,0.24,9.6,0.119,56,178,0.99578,3.15,0.44,10.2,6,white
6.6,0.23,0.29,14.45,0.057,29,144,0.99756,3.33,0.54,10.2,6,white
7.3,0.22,0.31,2.3,0.018,45,80,0.98936,3.06,0.34,12.9,7,white
7.1,0.23,0.24,5.4,0.039,60,196,0.9948,3.19,0.78,10,4,white
6.7,0.33,0.34,6.6,0.067,35,156,0.99542,3.11,0.48,9.3,6,white
6.2,0.21,0.34,6.6,0.03,36,91,0.9914,3.32,0.45,12.5,7,white
9.6,0.655,0.21,2,0.039,21,120,0.99188,3,1,12.6,6,white
7,0.15,0.3,13.3,0.049,46,120,0.99704,3.2,0.36,9.5,7,white
7.6,0.1,0.33,1,0.031,33,93,0.99094,3.06,0.68,11.2,6,white
8,0.17,0.29,2.4,0.029,52,119,0.98944,3.03,0.33,12.9,6,white
6.6,0.21,0.29,1.8,0.026,35,128,0.99183,3.37,0.48,11.2,6,white
7.2,0.19,0.27,11.2,0.061,46,149,0.99772,2.99,0.59,9.3,6,white
6.9,0.31,0.32,1.2,0.024,20,166,0.99208,3.05,0.54,9.8,6,white
6.5,0.22,0.5,16.4,0.048,36,182,0.99904,3.02,0.49,8.8,6,white
6.5,0.46,0.31,5,0.027,15,72,0.99165,3.26,0.6,11.5,7,white
6.6,0.26,0.38,6.5,0.17,68,201,0.9956,3.19,0.38,9.4,6,white
6.8,0.23,0.42,7.4,0.044,56,189,0.9958,3.22,0.48,9.3,6,white
6.4,0.21,0.44,7.4,0.045,47,182,0.9957,3.24,0.46,9.1,5,white
7.8,0.25,0.34,13.7,0.044,66,184,0.99976,3.22,0.75,8.9,5,white
7.5,0.26,0.3,4.6,0.027,29,92,0.99085,3.15,0.38,12,7,white
7.5,0.18,0.31,6.5,0.029,53,160,0.99276,3.03,0.38,10.9,6,white
6.5,0.35,0.28,12.4,0.051,86,213,0.9962,3.16,0.51,9.9,6,white
7.9,0.51,0.34,2.6,0.049,13,135,0.99335,3.09,0.51,10,5,white
6.5,0.17,0.31,1.5,0.041,34,121,0.99092,3.06,0.46,10.5,6,white
6.3,0.2,0.19,12.3,0.048,54,145,0.99668,3.16,0.42,9.3,6,white
6.7,0.27,0.33,3.6,0.034,9,45,0.99144,3.08,0.4,10.5,6,white
5.8,0.17,0.34,1.8,0.045,96,170,0.99035,3.38,0.9,11.8,8,white
7.1,0.43,0.3,6.6,0.025,15,138,0.99126,3.18,0.46,12.6,6,white
8.6,0.33,0.34,11.8,0.059,42,240,0.99882,3.17,0.52,10,6,white
7.7,0.16,0.36,5.9,0.054,25,148,0.99578,3.25,0.54,10.2,6,white
7.9,0.16,0.3,7.4,0.05,58,152,0.99612,3.12,0.37,9.5,6,white
7.7,0.3,0.34,1.2,0.048,4,119,0.99084,3.18,0.34,12.1,6,white
6.2,0.29,0.32,3.6,0.026,39,138,0.9892,3.31,0.37,13.1,7,white
7,0.36,0.32,10.5,0.045,35,135,0.9935,3.09,0.33,11.6,8,white
6.2,0.235,0.34,1.9,0.036,4,117,0.99032,3.4,0.44,12.2,5,white
7.1,0.2,0.31,7.4,0.053,32,211,0.99587,3.31,0.59,10.4,6,white
6.9,0.4,0.42,6.2,0.066,41,176,0.99552,3.12,0.54,9.4,5,white
6.8,0.26,0.44,8.2,0.046,52,183,0.99584,3.2,0.51,9.4,5,white
6.5,0.37,0.3,2.2,0.033,39,107,0.98894,3.22,0.53,13.5,7,white
6.6,0.25,0.51,8,0.047,61,189,0.99604,3.22,0.49,9.2,5,white
6.4,0.22,0.32,7.2,0.028,15,83,0.993,3.13,0.55,10.9,8,white
7,0.27,0.48,6.1,0.042,60,184,0.99566,3.2,0.5,9.4,6,white
6.7,0.16,0.34,1.6,0.026,27,109,0.9934,3.34,0.58,10.1,6,white
7.2,0.17,0.41,1.6,0.052,24,126,0.99228,3.19,0.49,10.8,5,white
6.7,0.325,0.82,1.2,0.152,49,120,0.99312,2.99,0.38,9.2,5,white
7.2,0.26,0.4,6.3,0.047,52,172,0.99573,3.18,0.53,9.5,6,white
6.4,0.14,0.31,1.2,0.034,53,138,0.99084,3.38,0.35,11.5,7,white
6.6,0.17,0.3,1.1,0.031,13,73,0.99095,3.17,0.58,11,6,white
6.5,0.22,0.45,8,0.053,52,196,0.9959,3.23,0.48,9.1,6,white
6.5,0.37,0.33,3.5,0.036,23,92,0.99136,3.18,0.38,11.2,6,white
8,0.22,0.31,5.6,0.049,24,97,0.993,3.1,0.42,10.9,5,white
6.6,0.31,0.07,1.5,0.033,55,144,0.99208,3.16,0.42,10,5,white
7.9,0.2,0.39,1,0.041,37,154,0.99093,3.08,0.43,11.9,5,white
5.6,0.18,0.58,1.25,0.034,29,129,0.98984,3.51,0.6,12,7,white
7.3,0.21,0.33,1,0.037,66,144,0.9923,3.11,0.52,10.2,6,white
5.3,0.16,0.39,1,0.028,40,101,0.99156,3.57,0.59,10.6,6,white
6.2,0.23,0.23,1.2,0.018,18,128,0.99178,3.05,0.28,10.6,5,white
4.2,0.17,0.36,1.8,0.029,93,161,0.98999,3.65,0.89,12,7,white
6.4,0.22,0.31,13.9,0.04,57,135,0.99672,3.21,0.38,10.7,5,white
7.9,0.25,0.35,6.7,0.039,22,64,0.99362,2.93,0.49,10.7,5,white
7,0.28,0.32,7.75,0.032,30,114,0.99158,3.12,0.64,12.8,7,white
8.5,0.22,0.34,0.7,0.04,5,25,0.9918,3.04,0.37,10.5,4,white
6.7,0.42,0.46,9.7,0.054,67,234,0.99848,3.23,0.5,9,5,white
7,0.31,0.39,7.5,0.055,42,218,0.99652,3.37,0.54,10.3,5,white
6.1,0.16,0.37,1.1,0.031,37,97,0.9922,3.4,0.58,10.5,6,white
6.4,0.25,0.32,0.9,0.034,40,114,0.99114,3.31,0.58,10.8,7,white
6.2,0.2,0.31,1,0.031,22,73,0.99035,3.24,0.52,11.3,6,white
6.5,0.22,0.32,2.2,0.028,36,92,0.99076,3.27,0.59,11.9,7,white
6,0.44,0.26,3.1,0.053,57,128,0.98982,3.22,0.39,12.7,6,white
7.4,0.28,0.4,11.9,0.032,13,92,0.99629,3.01,0.46,10.8,4,white
6.6,0.22,0.29,14.4,0.046,39,118,0.99834,3.05,0.5,9.1,6,white
7,0.31,0.31,9.1,0.036,45,140,0.99216,2.98,0.31,12,7,white
6.4,0.25,0.32,11.3,0.038,69,192,0.99573,3.14,0.5,10.2,6,white
5.2,0.17,0.27,0.7,0.03,11,68,0.99218,3.3,0.41,9.8,5,white
7.1,0.29,0.34,7.8,0.036,49,128,0.99397,3.21,0.4,10.7,6,white
7.1,0.29,0.34,7.8,0.036,49,128,0.99397,3.21,0.4,10.7,6,white
6.8,0.26,0.48,6.2,0.049,55,182,0.99582,3.21,0.45,9.4,6,white
6.1,0.27,0.25,1.8,0.041,9,109,0.9929,3.08,0.54,9,5,white
8.1,0.12,0.38,0.9,0.034,36,86,0.99026,2.8,0.55,12,6,white
7.7,0.11,0.34,14.05,0.04,41,114,0.99634,3.07,0.59,11,7,white
5.8,0.19,0.24,1.3,0.044,38,128,0.99362,3.77,0.6,10.6,5,white
8.4,0.31,0.31,0.95,0.021,52,148,0.99038,2.93,0.32,11.5,5,white
6.3,0.22,0.22,5.6,0.039,31,128,0.99296,3.12,0.46,10.4,6,white
6.8,0.32,0.39,9.6,0.026,34,124,0.99286,3.18,0.35,12.1,6,white
6.1,0.38,0.42,5,0.016,31,113,0.99007,3.15,0.31,12.4,7,white
6.9,0.3,0.3,10.55,0.037,4,28,0.99184,3.07,0.32,12.7,6,white
7.2,0.19,0.31,6.3,0.034,17,103,0.99305,3.15,0.52,11.4,7,white
6.6,0.2,0.27,10.9,0.038,29,130,0.99496,3.11,0.44,10.5,7,white
6.5,0.35,0.36,0.8,0.034,32,111,0.98942,3.11,0.5,12.1,8,white
6.7,0.18,0.28,10.2,0.039,29,115,0.99469,3.11,0.45,10.9,7,white
6.3,0.18,0.36,1.2,0.034,26,111,0.99074,3.16,0.51,11,6,white
5,0.3,0.33,3.7,0.03,54,173,0.9887,3.36,0.3,13,7,white
6.8,0.25,0.37,3.1,0.026,29,93,0.99035,3.14,0.45,12.2,6,white
7,0.13,0.37,12.85,0.042,36,105,0.99581,3.05,0.55,10.7,6,white
8.4,0.32,0.35,11.7,0.029,3,46,0.99439,3.02,0.34,11.8,6,white
7,0.13,0.37,12.85,0.042,36,105,0.99581,3.05,0.55,10.7,6,white
7.5,0.18,0.37,6.2,0.05,21,138,0.99546,3.2,0.55,10.5,6,white
6.7,0.14,0.46,1.6,0.036,15,92,0.99264,3.37,0.49,10.9,5,white
6.8,0.29,0.34,3.5,0.054,26,189,0.99489,3.42,0.58,10.4,5,white
6.3,0.2,0.37,11.8,0.045,58,130,0.99519,3.2,0.35,10.8,5,white
6,0.27,0.3,14.7,0.044,15,144,0.99666,3.12,0.53,10.3,6,white
7.1,0.17,0.43,1.3,0.023,33,132,0.99067,3.11,0.56,11.7,6,white
6.6,0.39,0.39,11.9,0.057,51,221,0.99851,3.26,0.51,8.9,6,white
6.2,0.23,0.36,17.2,0.039,37,130,0.99946,3.23,0.43,8.8,6,white
6.2,0.23,0.36,17.2,0.039,37,130,0.99946,3.23,0.43,8.8,6,white
7.6,0.25,1.23,4.6,0.035,51,294,0.99018,3.03,0.43,13.1,6,white
6.1,0.17,0.42,15.1,0.033,28,124,0.99684,2.87,0.47,9.5,5,white
6.5,0.34,0.46,1,0.023,6,80,0.98865,3.15,0.54,12.9,6,white
7.8,0.3,0.36,4.6,0.024,20,198,0.99222,3.06,0.66,11.9,6,white
6.2,0.19,0.38,5.1,0.019,22,82,0.98961,3.05,0.36,12.5,6,white
6.7,0.33,0.36,6.6,0.042,34,116,0.99123,2.97,0.31,12.2,8,white
7.3,0.2,0.39,2.3,0.048,24,87,0.99044,2.94,0.35,12,6,white
6.5,0.24,0.38,1,0.027,31,90,0.98926,3.24,0.36,12.3,6,white
6.2,0.1,0.41,1,0.04,17,76,0.98988,3.14,0.56,11.4,7,white
7,0.17,0.36,6.4,0.055,42,123,0.99318,3.11,0.5,11,8,white
8.3,0.16,0.37,7.9,0.025,38,107,0.99306,2.93,0.37,11.9,6,white
6.4,0.22,0.38,9.1,0.044,35,127,0.99326,2.97,0.3,11,7,white
5.2,0.31,0.36,5.1,0.031,46,145,0.9897,3.14,0.31,12.4,7,white
6.8,0.28,0.34,7.5,0.035,34,177,0.99692,3.33,0.43,9.1,5,white
6.8,0.25,0.24,1.6,0.045,39,164,0.99402,3.53,0.58,10.8,5,white
6.4,0.24,0.32,0.95,0.041,23,131,0.99033,3.25,0.35,11.8,5,white
7.2,0.13,0.46,1.3,0.044,48,111,0.99127,2.97,0.45,11.1,5,white
9,0.38,0.53,2.1,0.102,19,76,0.99001,2.93,0.57,12.9,5,white
5.7,0.15,0.28,3.7,0.045,57,151,0.9913,3.22,0.27,11.2,6,white
6.8,0.27,0.42,7.3,0.054,58,200,0.99556,3.12,0.49,9.4,6,white
6.7,0.31,0.32,14.5,0.038,6,79,0.99412,3.14,0.34,12.5,5,white
6.9,0.22,0.39,6,0.035,44,141,0.99123,3.11,0.33,12.5,6,white
6.4,0.16,0.42,1,0.036,29,113,0.9908,3.18,0.52,11,6,white
6.7,0.21,0.36,8.55,0.02,20,86,0.99146,3.19,0.22,13.4,7,white
6.4,0.25,0.37,4.5,0.039,41,147,0.9921,3.18,0.4,11.1,7,white
7.1,0.26,0.37,5.5,0.025,31,105,0.99082,3.06,0.33,12.6,8,white
7.4,0.19,0.31,14.5,0.045,39,193,0.9986,3.1,0.5,9.2,6,white
7.4,0.19,0.31,14.5,0.045,39,193,0.9986,3.1,0.5,9.2,6,white
5.9,0.24,0.12,1.4,0.035,60,247,0.99358,3.34,0.44,9.6,6,white
7.5,0.33,0.36,2.6,0.051,26,126,0.99097,3.32,0.53,12.7,6,white
7.5,0.22,0.32,2.4,0.045,29,100,0.99135,3.08,0.6,11.3,7,white
6.6,0.23,0.3,4.6,0.06,29,154,0.99142,3.23,0.49,12.2,8,white
6.4,0.15,0.29,1.8,0.044,21,115,0.99166,3.1,0.38,10.2,5,white
8,0.34,0.25,6.4,0.035,38,103,0.99148,2.91,0.23,12.2,6,white
6.6,0.2,0.14,4.4,0.184,35,168,0.99396,2.93,0.45,9.4,6,white
6.6,0.28,0.41,7,0.046,59,194,0.99558,3.14,0.48,9.4,5,white
6.6,0.28,0.42,8.2,0.044,60,196,0.99562,3.14,0.48,9.4,5,white
7.8,0.25,0.37,1,0.043,10,80,0.99128,3.08,0.38,11.4,5,white
6,0.32,0.3,1.9,0.033,41,142,0.98912,3.29,0.42,12.8,7,white
6.4,0.35,0.28,12.6,0.039,19,124,0.99539,3.2,0.43,10.6,6,white
6.7,0.3,0.44,18.75,0.057,65,224,0.99956,3.11,0.53,9.1,5,white
6.7,0.47,0.29,4.75,0.034,29,134,0.99056,3.29,0.46,13,7,white
8,0.24,0.48,6.8,0.047,13,134,0.99616,3.23,0.7,10,5,white
6,0.39,0.13,1.2,0.042,60,172,0.99114,3.06,0.52,10.6,5,white
6.8,0.19,0.4,9.85,0.055,41,103,0.99532,2.98,0.56,10.5,6,white
6.9,0.29,0.41,7.8,0.046,52,171,0.99537,3.12,0.51,9.6,5,white
6.6,0.16,0.36,1.1,0.031,27,93,0.98884,3.23,0.34,13.2,8,white
6.7,0.16,0.36,2,0.045,24,131,0.99284,3.3,0.59,10.5,6,white
6.2,0.37,0.24,6.1,0.032,19,86,0.98934,3.04,0.26,13.4,8,white
6.5,0.3,0.27,4,0.038,37,97,0.99026,3.2,0.6,12.6,8,white
6.2,0.37,0.24,6.1,0.032,19,86,0.98934,3.04,0.26,13.4,8,white
7.8,0.2,0.2,1.4,0.036,25,83,0.99088,3.03,0.46,11.7,6,white
6,0.28,0.27,15.5,0.036,31,134,0.99408,3.19,0.44,13,7,white
6,0.24,0.28,3.95,0.038,61,134,0.99146,3.3,0.54,11.3,7,white
6,0.28,0.27,15.5,0.036,31,134,0.99408,3.19,0.44,13,7,white
6.5,0.16,0.34,1.4,0.029,29,133,0.99108,3.33,0.64,11.5,7,white
6.7,0.29,0.45,14.3,0.054,30,181,0.99869,3.14,0.57,9.1,5,white
6.3,0.21,0.31,1.2,0.043,30,117,0.99158,3.49,0.68,11,6,white
7.2,0.33,0.34,2,0.044,61,171,0.98947,3.25,0.53,13.3,7,white
6,0.23,0.15,9.7,0.048,101,207,0.99571,3.05,0.3,9.1,5,white
5.3,0.36,0.27,6.3,0.028,40,132,0.99186,3.37,0.4,11.6,6,white
6.9,0.75,0.13,6.3,0.036,19,50,0.99312,3.09,0.25,11.1,4,white
7.2,0.23,0.46,6.4,0.036,17,85,0.99279,3.1,0.78,11.7,6,white
7.2,0.24,0.28,1.9,0.032,30,92,0.9914,3.1,0.39,10.9,6,white
7.8,0.28,0.25,3.4,0.024,27,99,0.98959,2.98,0.37,13,6,white
6,0.33,0.2,1.8,0.031,49,159,0.9919,3.41,0.53,11,6,white
6.2,0.47,0.19,8.3,0.029,24,142,0.992,3.22,0.45,12.3,6,white
5.7,0.22,0.22,16.65,0.044,39,110,0.99855,3.24,0.48,9,6,white
4.8,0.21,0.21,10.2,0.037,17,112,0.99324,3.66,0.48,12.2,7,white
6.6,0.64,0.28,4.4,0.032,19,78,0.99036,3.11,0.62,12.9,6,white
6.6,0.64,0.28,4.4,0.032,19,78,0.99036,3.11,0.62,12.9,6,white
7.8,0.15,0.34,1.1,0.035,31,93,0.99096,3.07,0.72,11.3,7,white
7.6,0.38,0.28,4.2,0.029,7,112,0.9906,3,0.41,12.6,6,white
7.4,0.28,0.36,14.6,0.048,35,161,0.9968,3.14,0.56,10.6,5,white
7.5,0.3,0.21,6.55,0.026,33,143,0.99244,2.92,0.35,11.1,5,white
7.4,0.25,0.28,7.25,0.028,14,78,0.99238,2.94,0.37,11.5,7,white
6.8,0.19,0.71,17.5,0.042,21,114,0.99784,2.85,0.5,9.5,6,white
5.6,0.28,0.27,3.9,0.043,52,158,0.99202,3.35,0.44,10.7,7,white
6.6,0.17,0.28,1.1,0.034,55,108,0.98939,3,0.52,11.9,7,white
6.8,0.12,0.3,12.9,0.049,32,88,0.99654,3.2,0.35,9.9,6,white
7.4,0.36,0.23,1.9,0.017,31,69,0.9892,2.93,0.36,12.5,6,white
7,0.16,0.25,14.3,0.044,27,149,0.998,2.91,0.46,9.2,6,white
6.8,0.16,0.18,1.8,0.046,31,114,0.99226,3.27,0.55,10.8,6,white
7.7,0.32,0.61,11.8,0.041,66,188,0.99794,3,0.54,9.3,5,white
6.3,0.2,0.26,4.7,0.04,108,168,0.99278,3.07,0.75,10.7,7,white
6.6,0.36,0.28,6.1,0.029,12,93,0.99054,3.19,0.27,12.8,7,white
6.4,0.38,0.2,5.3,0.117,57,181,0.99459,3.24,0.43,9.5,6,white
6.5,0.21,0.51,17.6,0.045,34,125,0.99966,3.2,0.47,8.8,6,white
6.5,0.26,0.39,1.4,0.02,12,66,0.99089,3.25,0.75,11.3,7,white
6.8,0.19,0.33,4.9,0.047,42,130,0.99283,3.12,0.56,11,6,white
6.4,0.24,0.23,2,0.046,30,133,0.9908,3.12,0.54,11.4,7,white
7.3,0.31,0.25,6.65,0.032,30,138,0.99244,2.9,0.37,11.1,5,white
6.6,0.085,0.33,1.4,0.036,17,109,0.99306,3.27,0.61,9.5,6,white
6.8,0.22,0.36,1.2,0.052,38,127,0.9933,3.04,0.54,9.2,5,white
6.5,0.23,0.38,1.3,0.032,29,112,0.99298,3.29,0.54,9.7,5,white
5.5,0.29,0.3,1.1,0.022,20,110,0.98869,3.34,0.38,12.8,7,white